field_1,버스정류장수,자전거도로길이,자전거도로수,지하철역수,공원율,사고 다발 횟수,도로길이,도로수,평균경사도,추정교통량,안정성지수평균,직장인구,생활인구,자전거이용량,자전거도로수용율,cluster
4,1,290.058108298734,5,0,70.44,0.0,2002.68323043774,34,0.6666666666666666,908.2,0.068965517,121155.06,9522.102855416666,32494,0.14483474165574056,3
5,2,330.59518762034,5,0,24.26,0.0,2412.20475282011,47,1.0,1117.0,0.25,434879.7833333333,8791.74633111111,0,0.1370510472769117,3
6,0,89.0889616844052,3,1,24.26,0.0,994.085155952783,15,1.0,1117.0,0.175,434879.7833333333,8791.74633111111,58340,0.08961904435542818,3
18,15,1450.0126590036,18,1,50.96197919156442,0.0344827586206896,3380.1234132715,27,3.333333333333333,2506.993103448276,0.239583333,971247.0088505746,27826.36585806513,156114,0.4289821647666364,2
31,5,104.806131321747,1,0,21.87,0.0344827586206896,1417.42163669519,22,0.6666666666666666,481.7931034482759,0.315789474,415212.1655172413,9512.516671537356,36756,0.07394139373102082,3
47,6,105.968588156061,2,0,1.8500000000000003,0.0,3660.91972727268,73,4.666666666666667,2051.0,0.195652174,302321.175,8366.782472708333,0,0.028945892303135996,3
64,2,27.0028514447878,1,0,26.55,0.0,4655.77701712401,78,3.333333333333333,4744.0,0.162162162,219677.43333333332,38840.18774847222,13864,0.005799859259898177,3
67,3,643.957809265489,5,1,26.55,0.0,8757.73222117805,104,6.666666666666667,4744.0,0.173410405,219677.43333333332,38840.18774847222,65282,0.0735302008559091,3
68,9,776.909801818502,8,0,18.75,0.0,6441.14814035164,79,4.0,1477.8333333333333,0.379746835,123237.88333333332,36387.37786173611,160154,0.12061666412412127,3
70,5,597.464940708114,13,0,18.75,0.0,3736.31548307871,53,7.0,1477.8333333333333,0.86746988,123237.88333333332,36387.37786173611,90610,0.15990751943029316,0
71,2,453.360438131991,9,0,18.75,0.0,2832.91818108438,53,3.0,1477.8333333333333,0.081081081,123237.88333333332,36387.37786173611,65626,0.1600330151287512,3
130,9,2439.16496831166,22,1,0.078902653503986,0.0,12530.7825180319,110,9.333333333333334,7106.696969696969,0.333333333,600643.6272727273,27509.63766747475,47808,0.19465384263127072,3
133,3,347.481703743004,9,0,0.7599999999999999,0.0,2843.97442271418,46,2.333333333333333,1411.1,0.407407407,565391.66,13198.58302425,61934,0.12218172602669922,3
137,3,178.548478810554,3,0,2.73,0.0,1882.72743778666,21,0.3333333333333333,1387.5,0.288135593,208358.04,6305.859151541667,35122,0.09483501181692881,3
140,0,6.2977754664827,1,0,0.7599999999999999,0.0,2242.8420778545,27,1.6666666666666667,1411.1,0.289473684,565391.66,13198.58302425,0,0.0028079442278464584,3
162,23,572.689335657077,6,0,0.0,0.0,18130.5917208314,211,12.666666666666666,9043.5,0.5,87571.5,33817.816159166665,38708,0.031586908164672724,3
163,3,1549.16046366985,6,1,0.0,0.0,1629.22814708849,8,5.666666666666667,9043.5,1.45,87571.5,33817.816159166665,7864,0.9508554504403053,2
166,3,713.362427008936,6,0,0.44,0.0,1096.74028232691,12,1.3333333333333333,4485.25,0.354166667,822350.9999999999,19522.69154302084,29792,0.6504387944021018,2
172,8,125.995809797071,1,0,3.3000000000000003,0.0,7092.60473718269,87,6.0,2883.5,0.72,154686.44999999998,28434.270743229165,0,0.017764391851211325,0
176,4,263.070262883431,5,0,0.37,0.0,1354.28817501707,12,9.333333333333334,4690.4,2.6,106375.8,16165.760731,25150,0.19424984116110675,1
178,8,619.125673612641,11,0,0.37,0.0,4347.26729462275,36,9.0,4690.4,1.389240506,106375.8,16165.760731,71738,0.1424172087091249,1
182,5,439.639050756622,4,0,3.3000000000000003,0.0,3593.99046636368,20,1.0,2883.5,0.714285714,154686.44999999998,28434.270743229165,54358,0.12232615942396728,0
184,6,233.309312458683,4,2,0.61,0.0,4599.67986809785,54,3.333333333333333,2856.6,0.476190476,1170412.94,57641.62674774999,118946,0.05072294575908511,3
186,1,421.810172372846,3,0,0.61,0.0,1227.44466311084,30,2.333333333333333,2856.6,0.539473684,1170412.94,57641.62674774999,0,0.3436490336792934,2
188,21,358.240025921314,3,1,0.61,0.0,14681.1211590897,124,2.0,2856.6,0.659517426,1170412.94,57641.62674774999,172924,0.024401407906065303,0
189,32,12292.7253409178,109,0,0.3288069297212407,0.0,24356.6679555691,81,2.0,62787.0,0.538461538,1470642.7000000002,153530.26133083334,233758,0.5046965111706544,2
191,39,6016.80651225622,47,2,0.0,0.0,53170.1959053988,424,9.0,24615.0,0.489391796,4535066.5,174839.65408291668,127214,0.11316126280522666,3
192,5,243.458316365199,5,0,5.15,0.0,7733.70425632359,93,7.0,6505.75,0.474576271,395676.75000000006,18986.56574083333,14960,0.031480168919846056,3
193,11,4826.99899461605,48,1,5.15,0.0,9388.35660481574,59,2.333333333333333,6505.75,0.359375,395676.75000000006,18986.56574083333,78130,0.5141473846594248,2
195,9,2946.77369887162,18,0,5.15,0.0,3462.69298521727,11,3.0,6505.75,0.213114754,395676.75000000006,18986.56574083333,31324,0.8510063443255921,2
196,12,588.547716832817,10,0,0.0,0.0,23465.6784426859,358,4.666666666666667,14518.0,0.156028369,126158.9,60470.47866750001,21000,0.025081214603290682,3
197,6,509.754805975442,3,0,2.0900000000000003,0.0,1732.72714324329,16,5.0,2311.75,0.532544379,169198.875,40541.29817010416,185788,0.29419219752123893,2
198,26,300.243147103356,3,1,7.080222909653353,1.0,11122.0781061937,150,4.0,6874.75,0.823275862,304081.275,126205.78344093748,96706,0.026995238141346592,0
199,3,306.274834996687,2,0,2.0900000000000003,0.0,6095.73479872653,86,3.333333333333333,2311.75,1.375,169198.875,40541.29817010416,91028,0.050244120702342784,1
201,28,2672.47451193391,23,1,0.31,0.0,28685.1806591256,301,8.666666666666666,16131.0,1.532894737,738105.8,112583.47902583332,270106,0.09316568522582121,1
202,25,1416.12290976186,20,1,0.4499999999999999,0.5,9408.27983604528,122,9.666666666666666,8206.0,1.974358974,142471.8,72443.12271000001,77564,0.15051879136676696,1
203,67,609.92259822631,11,5,0.5536784243287604,0.5,26717.6246550451,234,5.333333333333333,27384.0,1.658659924,505114.0,287681.43048166664,376518,0.02282847394186811,1
204,32,1518.3216219978,18,1,0.43,0.0,8280.5609135888,64,8.0,7996.0,0.877358491,196459.5,56475.52160125001,118832,0.18335975519558836,0
208,30,1636.010862615,20,1,5.839999999999999,0.0,11072.8632471701,99,12.0,29351.0,0.828746177,133383.80000000002,58662.55916541666,67662,0.14774957715052756,0
209,40,4162.84429223695,21,2,0.1399999999999999,0.0,11790.2670040261,57,7.666666666666667,28845.0,0.849710983,597693.7000000001,132415.27368416666,115002,0.3530746412117246,2
210,44,10496.1289752626,101,2,17.326696282607152,1.0,44216.1581960111,336,7.0,64896.0,1.374795417,1213045.9,199827.77518,689368,0.23738220151857276,1
211,51,5707.2489168536,70,1,1.003242023415855,2.0,48875.166558269,350,2.6666666666666665,29313.0,1.475903614,4293089.8,259600.3085225,851676,0.11677195841469748,1
212,13,8317.34591095471,93,0,0.2207316551189106,0.5,22724.7028990605,145,3.0,36748.5,0.558139535,507910.15,107959.235284375,218038,0.36600460511624866,2
213,11,6271.64772591329,84,3,0.29,0.5,25121.3258501238,205,6.333333333333333,7991.5,0.978453739,364115.85,54361.19256979166,255328,0.2496543280928137,2
214,90,15005.1894610377,298,1,0.0815146603801384,1.0,87146.116599672,878,3.6666666666666665,76531.0,0.52625,1678166.6,398994.6656645834,319228,0.17218425842161023,3
215,8,3407.80191229404,59,3,51.44,0.0,14588.1932821387,137,4.333333333333333,17655.0,0.744402985,263409.8,93159.87980458332,255506,0.2335999973668048,2
216,57,8416.79877365347,117,2,0.1424201833014402,0.0,62889.5391844648,554,3.6666666666666665,48666.0,0.554396423,2222472.2,428884.81272916665,719742,0.13383463900038592,3
217,38,9463.05989783805,97,1,0.98,0.0,21971.6887045767,81,2.6666666666666665,20040.0,0.298755187,2155328.2,184242.97528791663,197134,0.4306933356409194,2
218,61,15550.1922516638,236,3,0.4158537168699585,1.0,87284.6712541727,747,5.0,77593.0,0.567501227,2121154.0,531704.0749620833,1533094,0.1781549042715838,3
219,20,1785.50165828928,14,1,0.0,0.0,24427.0691689887,282,2.0,19814.0,0.570977918,323739.2,301969.5970875,665256,0.07309520622130376,3
220,22,1654.47832448209,38,0,0.2,0.0,24746.9461778637,254,4.666666666666667,15408.0,0.401851852,286813.8,130732.2146233333,574272,0.06685585819724421,3
222,29,970.179157408253,24,2,1.7399999999999998,0.5,40855.2425429022,287,3.333333333333333,7355.5,0.389144434,1275815.0,106964.34315729167,580582,0.023746748202252508,3
225,46,1736.92308604836,41,0,11.614161905334695,1.0,38067.0779658172,394,9.333333333333334,17495.0,0.668558456,1137375.7,229184.10482625,439702,0.04562795935133375,0
226,60,4046.71573646292,47,0,2.0423264869490803,3.0,59843.0588104871,412,0.3333333333333333,27977.0,0.386284722,2062809.1,321924.83093958336,494268,0.06762214059408608,3
227,24,1817.80548166876,31,0,28.73,0.0,25374.2337861443,298,5.333333333333333,12413.0,0.217488789,581442.7999999999,94287.75568291666,248802,0.0716398176587062,3
229,32,1210.60262693336,12,1,0.4325665503947126,1.0,32270.6688030262,286,6.333333333333333,29127.0,0.425414365,620949.8,230916.64108541663,343224,0.03751402347198441,3
230,37,1950.88559001139,21,2,0.1473809658929686,0.0,53364.0783016538,646,2.6666666666666665,23161.0,0.533697632,697519.8999999999,232264.5024591667,209322,0.03655803027241511,3
231,123,9034.90266560298,121,3,142.51166344777064,4.0,148893.247697246,1848,8.333333333333334,93974.0,0.48670977,1120480.1,590727.0793416668,619406,0.0606804056284286,3
232,31,952.794990948728,30,3,0.3038528393125531,3.0,39549.4971839398,476,1.0,17066.0,0.380866426,833255.7999999999,249583.6824866667,583716,0.024091203650893383,3
233,42,3387.90397001433,50,2,0.3549583685290213,1.0,51521.2063329026,577,1.3333333333333333,30343.0,0.302457467,372605.2,201537.59699458335,372882,0.06575746592817526,3
234,53,5047.99905270271,90,1,0.4396789423984891,0.0,44899.9933475574,436,4.666666666666667,19140.0,0.351395731,496418.3000000001,234893.28970791667,358702,0.11242761248598995,3
236,72,5235.78620448356,85,2,31.71855809984355,0.0,34215.9211234254,207,5.0,23129.0,0.275362319,898036.7,244198.7358883333,370308,0.15302192758735814,3
237,37,902.415267196282,9,0,4.79,0.0,43375.1814520949,488,18.33333333333333,1459.0,0.222222222,577580.825,26745.28164479167,57492,0.020804875898742733,3
238,5,23.8969727674084,4,0,4.79,0.0,3283.20393856114,50,6.666666666666667,1459.0,0.169491525,577580.825,26745.28164479167,20636,0.007278552662153913,3
240,1,104.562614523512,7,0,4.79,0.0,2461.40732542401,30,6.333333333333333,1459.0,0.615384615,577580.825,26745.28164479167,39944,0.042480825275637665,0
247,5,111.360511096985,1,1,1.47,0.0,9858.74130649262,171,16.0,980.0,0.310606061,74457.15555555555,16236.478920972222,0,0.011295611441152927,3
251,5,104.948850113921,1,0,1.47,0.0,4309.13625613216,58,3.333333333333333,980.0,0.849462366,74457.15555555555,16236.478920972222,26580,0.02435496207959831,0
258,7,611.378580311341,17,0,0.11,0.0,3650.58321635283,57,4.666666666666667,1704.6,0.423728814,109106.47999999998,31559.60433308333,38246,0.1674742209882146,3
259,0,92.602606422306,4,0,0.11,0.0,3756.18323335494,53,11.0,1704.6,0.882978723,109106.47999999998,31559.60433308333,58880,0.024653378354919972,0
261,19,1801.85881949732,27,1,0.11,0.0,11483.786432963,109,6.0,1704.6,0.575757576,109106.47999999998,31559.60433308333,230316,0.15690459153135014,3
266,4,367.427537958619,5,0,2.08,0.0,2898.80085734562,29,1.0,1098.571428571429,0.181818182,100931.81428571428,12854.859842797618,37186,0.12675156247023667,3
271,60,1800.87489377882,39,0,0.48,0.0,33662.6580463972,302,14.333333333333334,19114.0,0.454332553,1858667.7,207021.6758820833,248160,0.053497703339310775,3
272,48,1163.7655029589,30,1,32.20200883561258,0.0,35664.8761947358,377,2.0,35579.5,0.5640625,593786.8999999999,230679.16660833333,265266,0.03263057739509759,3
273,10,337.090235418023,6,1,56.04999999999999,0.0,11206.7282930628,150,4.666666666666667,9385.0,0.263888889,275844.8,60615.82085291667,73104,0.0300792726122118,3
274,97,2451.6323072589,55,1,0.128727629320912,0.0,74449.0147071413,782,3.0,25563.0,0.770886076,468705.1,217298.2768941667,195870,0.03293035262995542,0
275,29,2765.26555603111,33,2,0.25,0.0,41529.5514393369,444,3.333333333333333,18410.0,0.398543184,407081.6,135650.58165166664,259364,0.06658549057700255,3
276,150,2503.16710977392,55,5,3.451041552761072,1.0,138568.180122342,1789,8.666666666666666,46737.0,1.737160121,907938.2,636394.2312016668,349886,0.018064516020661246,1
277,100,9987.1277990345,131,1,75.82268298142208,0.0,48445.0904965802,478,5.333333333333333,32563.0,1.584632517,507448.4,0.0,411870,0.20615355852704012,1
278,143,3903.57272980167,110,2,0.2734538705409078,3.0,139524.955831751,1561,2.333333333333333,37000.0,1.746076233,1262754.7,180508.890858125,461670,0.027977595165906182,1
280,92,2792.6708463591,80,0,12.04555703730402,0.0,67024.2988282451,618,5.666666666666667,25837.0,0.351449275,733432.2,310706.59507041663,303254,0.041666543256432015,3
281,79,5105.31401576629,121,1,0.946422079035696,0.0,60919.1245872039,545,3.6666666666666665,18622.0,0.075630252,1093285.0,261831.95356416667,407238,0.08380478298663314,3
282,115,7301.91398638646,101,4,17.222494321508023,1.0,76954.1519040742,590,1.0,50088.0,0.220889203,1549056.7999999998,535259.9397141667,937818,0.0948865500524069,3
283,79,7823.76568689441,101,3,92.2537731745318,0.0,58702.5202816182,473,6.0,19285.0,0.228395062,441695.3,165484.66276583335,252830,0.1332781906017126,3
284,108,7752.44246985192,86,2,7.40422472645656,0.0,46690.7888510835,263,4.0,37104.0,0.345882353,603883.9,328079.8994016667,774768,0.16603794154298204,3
285,97,11623.9547500171,133,4,3.094879256364828,0.0,54725.9449393988,376,2.333333333333333,28298.0,0.122205663,1467260.1999999995,493795.941635,1009904,0.21240299757069475,3
286,53,5401.34553548517,79,1,3.262524808689212,0.0,20103.3169775339,107,1.6666666666666667,27701.0,0.152727273,640972.1,221697.22964041663,454280,0.2686793200107896,3
287,187,42262.2640191781,734,6,58.13563514980362,3.0,138538.465948368,1008,31.33333333333333,120928.0,0.196655133,2598794.4000000004,1026454.4927202084,1891022,0.3050579759915117,3
288,74,10442.3704986625,164,1,62.53891676613974,1.0,47432.2451565041,332,3.6666666666666665,25716.0,0.285353535,764876.9,434500.49386062496,1234820,0.22015340965218047,3
289,18,124.821491547911,2,3,0.03,0.0,16451.2791824168,147,16.333333333333332,13649.0,0.569767442,192388.4,57951.10136916667,418,0.007587342611103502,3
290,27,415.505887374196,8,2,45.36999999999999,0.0,21211.4828890979,168,18.666666666666668,12473.0,0.717041801,548617.4,176887.62958916667,168182,0.01958872416165464,0
292,62,859.94583673217,11,1,0.5734574249280131,2.0,42959.988279712,376,21.666666666666668,19235.0,0.55033557,680358.3,218485.41141125004,74168,0.02001736665133781,3
293,34,471.488148243743,12,0,6.419999999999999,0.0,19055.3761230883,150,3.333333333333333,6296.0,0.878504673,454042.9,123330.28363416668,102514,0.024743051262707327,0
294,24,857.078864955488,10,3,0.56,0.0,24343.4312097821,206,0.6666666666666666,11832.0,0.89010989,285225.2,249142.8408970833,91642,0.03520780852828511,0
295,83,3404.80237769171,58,0,0.5958098551167859,0.0,51280.5029582137,388,11.666666666666666,21624.0,0.464765101,656988.3999999999,343132.52622666664,634438,0.06639565100338697,3
296,50,3224.27475205943,65,0,0.43,0.0,30423.9392421308,269,3.0,10687.0,0.574162679,520180.9,214765.98536708337,308872,0.10597821427392554,3
297,55,62.4479101003938,5,2,6.473700286007232,0.0,30832.1733145092,248,17.0,16919.0,0.54245283,462429.6,189499.84537166663,148368,0.002025413825466746,3
298,11,263.872653893047,6,1,0.2499999999999999,0.0,15280.8284405881,114,10.0,17515.0,2.421052632,303455.3,77950.75642166665,108850,0.01726821650534096,1
299,71,3513.06244105508,4,1,33.83,0.0,39851.8053557396,63,11.0,9653.0,0.516129032,377905.4,305925.82882625,350506,0.08815315666870074,3
310,74,1398.05300755005,17,2,1.3022119137500798,0.0,45919.6995179573,443,6.0,60017.0,0.82781457,453248.6,248721.6301525,114418,0.030445604440493546,0
316,59,3590.57237356167,60,0,75.86999999999999,0.0,61273.2967673729,533,18.666666666666668,21537.0,0.361151079,1589931.8,229958.07770041664,244550,0.05859930121262212,3
317,101,2993.80012936748,54,0,54.550489233606335,0.0,53982.906752573,559,18.0,34405.0,0.940983607,1186736.6,191109.92271166667,274812,0.055458297995870445,0
318,48,3566.96699471928,51,0,2.0171080039948635,1.0,40655.4240266496,392,6.333333333333333,17660.0,0.581560284,525068.7,249912.19532541663,376230,0.08773655865404666,3
319,40,1236.01534039026,31,1,1.5494405594405596,0.0,25379.7518471486,231,1.3333333333333333,15493.0,0.728706625,624407.7,150512.07984125,326846,0.04870084419399576,0
324,8,237.972020810245,5,0,1.37,0.0,6751.29209681409,54,1.3333333333333333,4062.6666666666665,0.788571429,264343.9833333334,21220.87166006945,90456,0.03524836689002734,0
325,2,444.056292028515,6,0,1.37,0.0,1656.47449420358,11,11.0,4062.6666666666665,1.011904762,264343.9833333334,21220.87166006945,0,0.26807312372293046,2
326,2,1347.42513280722,12,0,0.8142893610631428,0.0,4881.98825588648,48,4.333333333333333,11820.666666666666,0.923076923,1012430.8833333332,57486.08506006945,0,0.27599925730721614,2
331,1,630.543947463436,10,0,1.25,0.0,3260.79142683904,26,2.6666666666666665,3071.2,0.913043478,116148.04,18029.50798575,23418,0.19337144420631508,0
333,38,112.730123104733,6,1,6.660000000000002,0.0,8641.8759585146,75,6.0,4188.4,0.422619048,155762.54,31898.255384833334,121002,0.013044635637666512,3
334,18,552.573989140523,6,1,6.660000000000002,0.0,11294.5674531016,112,4.666666666666667,4188.4,0.891373802,155762.54,31898.255384833334,72576,0.048923873484750476,0
335,3,474.145375264085,7,0,6.660000000000002,0.0,999.456319418588,9,4.333333333333333,4188.4,0.954545455,155762.54,31898.255384833334,0,0.4744032991255773,2
336,2,1001.26532560857,9,0,4.763836381220328,0.0,2141.48355804563,15,4.666666666666667,7259.599999999999,1.333333333,271910.58,49927.76337058333,0,0.46755685881723463,2
337,1,1000.02446162011,6,0,6.660000000000002,0.0,3507.60711763295,31,3.333333333333333,4188.4,0.912751678,155762.54,31898.255384833334,34676,0.2851016171659954,2
338,55,775.029797902244,23,1,0.8,0.3333333333333333,38875.6288715091,373,2.0,4562.0,0.65974026,1158076.2666666666,174979.0653470833,310366,0.01993613532179392,0
339,16,6.06277061697631,1,4,0.8,0.3333333333333333,14508.125286254,150,4.333333333333333,4562.0,0.5,1158076.2666666666,174979.0653470833,356516,0.0004178879419190429,3
340,30,4052.45547501453,40,2,1.1299999999999997,0.0,29904.5191607289,245,1.3333333333333333,36856.0,1.036050157,700186.2999999999,132973.75958333333,237806,0.13551314613131382,0
341,54,4814.3978125895,63,0,0.3638894206407296,1.0,39158.6077281759,367,0.0,55297.0,0.649446494,910433.9,212682.13397416667,440384,0.12294609261925785,0
342,20,1344.09920022477,15,0,0.31,0.0,24122.8816203386,286,0.3333333333333333,7621.0,0.974440895,375441.4,117029.09685791668,217330,0.05571884907363333,0
343,62,14394.7311348628,184,2,10.538484774665042,0.0,51381.1437466998,370,1.3333333333333333,32150.0,0.644688645,860908.3499999999,221041.18574875,689050,0.2801559110055305,2
344,8,224.324255588124,3,0,9.0,0.0,6706.54551536785,63,5.0,8165.0,0.716216216,157886.85,99369.14975125,37992,0.03344855485944166,0
345,96,26762.2874373894,197,2,30.06,0.0,42537.6324124173,113,4.0,24471.0,0.845386534,2011304.0,227484.21485166668,888328,0.629143793851045,2
346,166,21143.4969409716,276,3,26.66505967847268,1.0,85393.5279326289,365,4.0,72924.0,0.835429769,6935501.3,729862.5357783333,2187268,0.24760069589410488,2
347,89,22750.2427015666,264,5,6.801599767197356,1.0,77839.0918019859,386,4.333333333333333,91443.0,1.206268222,6552470.200000001,743135.3029024999,2426798,0.29227271509591507,2
348,83,1624.75050217636,25,0,7.238957688126832,0.0,88922.580253478,421,2.6666666666666665,139512.0,0.960737656,1660521.5,399298.3259604167,602602,0.018271517735370838,0
349,36,7010.34520972873,91,0,6.68,0.5,23927.3025266557,89,2.6666666666666665,12735.0,1.453551913,1035675.4,82701.81037666665,378962,0.2929851871901985,1
350,74,13951.6022212028,207,2,13.789298193487042,0.0,43786.917461551,263,11.333333333333334,47619.66666666666,1.137440758,3538127.833333333,500138.9327015278,1325118,0.31862490054143705,2
351,189,5905.88906202584,108,2,21.56425514061264,3.0,164801.595108888,1229,8.0,111670.0,1.227155013,3659173.2,1067657.801240625,1126444,0.03583635861123608,1
352,44,16018.8565160471,126,1,14.551987849268077,0.5,25413.6345324237,85,0.6666666666666666,52823.66666666667,1.41509434,1969571.3333333333,287310.67678986106,724596,0.6303252884041289,2
353,78,4375.92242552799,15,3,14.699545925381848,0.6666666666666666,40373.9845785206,98,1.3333333333333333,24634.0,1.27458256,1500161.183333333,263126.28939743055,4882848,0.10838470542875345,1
354,46,1706.74881793699,33,2,19.65666128067653,0.3333333333333333,24607.5211226116,152,2.0,10238.333333333334,0.738095238,489379.6666666666,140695.32276895831,827974,0.0693588277109585,0
356,38,817.685172770867,12,2,1.014387415300863,0.3333333333333333,30350.9680061243,231,2.0,5270.5,0.920826162,898942.9333333333,80729.85999548611,378850,0.026940991556047643,0
357,76,7429.57981062026,66,8,5.299397960154415,0.3333333333333333,66723.4711020515,465,1.3333333333333333,26325.5,0.868181818,1332407.3833333333,191647.57495069448,664308,0.1113488205560671,0
358,10,2655.28309580374,24,1,0.19,0.0,25487.5618238487,95,2.333333333333333,10183.5,0.530120482,185099.3,70959.564855625,18712,0.10417956468943972,3
362,41,6729.86040175951,82,3,0.83,0.0,24040.4687696237,124,0.3333333333333333,13309.0,1.462962963,1460454.2999999998,170671.96282375,506036,0.2799388175933996,1
363,157,11760.0110113674,177,5,0.4380211900482452,4.0,123078.128166509,1035,5.333333333333333,58706.0,1.080814312,10511118.4,688810.9518833333,1846128,0.09554915391187624,0
365,67,3413.85172992626,59,0,12.383004781169545,0.0,43506.0166390353,387,4.666666666666667,17399.0,1.278181818,1066848.7,184571.75993041665,382742,0.07846849685758679,1
366,93,2830.5973898185,58,1,14.322356677023937,0.0,62502.0244318508,464,10.0,31136.0,1.039156627,1588428.6,354576.0316,352178,0.04528809131462369,0
367,45,2826.37222379601,18,1,41.39046750457268,0.5,33588.2385891038,303,9.0,17927.0,1.295744681,591183.05,229289.3592377084,173824,0.08414767616640963,1
368,25,4134.03984835045,41,0,0.32,0.0,18568.9088213953,124,5.666666666666667,5069.5,2.208791209,195200.05,59119.40748833333,20088,0.22263235218146818,1
369,16,284.610323383208,6,2,0.32,0.0,8896.85395726892,61,4.666666666666667,5069.5,2.130434783,195200.05,59119.40748833333,29960,0.03198999609864061,1
370,28,1126.95990280513,21,1,5.69,0.5,8058.95738281187,31,10.333333333333334,0.0,1.173076923,155088.44999999998,130649.91248104168,232354,0.13983941709490957,1
372,104,4799.1128623755,48,3,0.15,0.0,40692.0999295656,170,1.0,15666.0,1.044155844,10679459.3,261657.48177916667,759270,0.11793721313675964,0
373,113,6957.22996724555,78,0,2.799181580199905,0.0,94986.3417944666,865,2.0,59799.0,0.888157895,2219338.8,452624.2051366667,624884,0.07324453006411961,0
374,137,3636.45508499731,32,1,0.6935974786847244,0.0,91767.2928422709,903,3.0,76845.0,1.260450161,2253432.9,380380.61216,197880,0.039626919051078784,1
384,63,27975.7535614703,325,6,3.04,0.0,45589.8215573028,67,3.333333333333333,19535.0,1.207658321,25516777.7,346132.7818187501,1879470,0.613640339133747,2
385,5,576.10847538759,15,0,1.5000000000000002,0.3333333333333333,7708.57548202403,90,0.3333333333333333,3385.6666666666665,0.942446043,390955.93333333335,44195.50076222222,44080,0.07473604905744817,0
386,8,365.892527174135,11,1,1.5000000000000002,0.3333333333333333,3396.28943589632,47,0.6666666666666666,3385.6666666666665,0.670886076,390955.93333333335,44195.50076222222,89538,0.10773302278272162,0
388,6,412.987346306136,11,0,0.6600000000000001,0.5,5644.16333455936,56,1.0,6256.5,0.857142857,422282.15,50208.42309479165,422108,0.07317069365753533,0
389,17,624.165076516945,8,1,0.6600000000000001,0.5,2554.40960911185,22,1.0,6256.5,1.215686275,422282.15,50208.42309479165,291362,0.2443480772584326,1
391,16,2670.95408723296,17,0,0.6600000000000001,0.5,8925.73320278304,28,1.3333333333333333,6256.5,1.702380952,422282.15,50208.42309479165,125018,0.29924198119658757,1
392,23,43.577003141092,2,0,0.84,0.0,21042.3894911701,260,1.6666666666666667,11505.0,1.438405797,176463.5,78325.73403458334,177436,0.0020709151477011664,1
393,3,208.444522783564,2,0,1.6399999999999997,0.1666666666666666,6084.96761214301,67,3.333333333333333,2205.6666666666665,1.067307692,1465378.5333333334,32510.88965305556,0,0.034255650328786844,0
394,3,317.493207316681,5,0,1.6399999999999997,0.1666666666666666,5119.47196627913,45,11.333333333333334,2205.6666666666665,1.08,1465378.5333333334,32510.88965305556,0,0.062016787943745176,0
395,20,3142.37047683152,53,1,1.6399999999999997,0.1666666666666666,10205.1683550492,77,4.333333333333333,2205.6666666666665,1.049808429,1465378.5333333334,32510.88965305556,303734,0.3079195136723808,2
396,2,348.998544924083,5,0,1.6399999999999997,0.1666666666666666,9301.89440850707,108,2.0,2205.6666666666665,0.782608696,1465378.5333333334,32510.88965305556,75864,0.03751908262954538,0
397,6,2069.83901081623,32,0,1.6399999999999997,0.1666666666666666,5687.37834851983,26,2.6666666666666665,2205.6666666666665,0.976470588,1465378.5333333334,32510.88965305556,95284,0.3639355224810947,2
398,8,2305.18478702356,58,0,1.6399999999999997,0.1666666666666666,6184.31495291612,29,0.3333333333333333,2205.6666666666665,1.259541985,1465378.5333333334,32510.88965305556,271054,0.3727469905032222,2
399,10,721.148884138647,25,0,0.15,0.3333333333333333,8496.61831829713,98,0.0,5865.0,1.63372093,528572.6333333333,33218.49165986111,171392,0.08487481220448392,1
400,6,939.788400340123,33,1,0.15,0.3333333333333333,4057.89543147631,38,0.3333333333333333,5865.0,0.742857143,528572.6333333333,33218.49165986111,70264,0.2315950265870249,2
401,13,532.798600317877,18,0,2.6823331743035537,0.3333333333333333,9031.49439870794,61,0.0,10685.833333333332,0.823529412,835184.7166666667,57722.860122708335,329240,0.05899340428025953,0
402,8,986.531884244546,15,0,4.4,0.0,8425.60791202951,74,4.0,4820.833333333333,1.207070707,306612.0833333333,24504.368462847226,198212,0.11708732408922598,1
403,6,670.550252660452,16,1,4.4,0.0,5676.36630885393,36,0.6666666666666666,4820.833333333333,2.051470588,306612.0833333333,24504.368462847226,114364,0.11813019389085859,1
404,4,133.633394414455,3,0,4.4,0.0,3230.6974126683,15,6.333333333333333,4820.833333333333,1.846153846,306612.0833333333,24504.368462847226,55622,0.04136363680809229,1
405,7,6145.88365178566,60,0,4.4,0.0,6964.83926116783,8,3.0,4820.833333333333,1.056603774,306612.0833333333,24504.368462847226,0,0.8824157200657562,2
406,142,2075.87838794704,59,6,3.0132760320658463,2.0,109171.719560052,1156,0.6666666666666666,81015.5,1.241690141,1617492.25,487431.8517110416,758518,0.019014799769689103,1
407,64,5757.85313683441,82,1,1.4402155124282554,0.0,64642.4511215647,546,1.0,46065.5,1.319236016,1618149.25,324185.7175320834,259878,0.08907232069536411,1
408,0,4184.11604405876,53,0,4.4,0.0,7853.61367757645,7,4.0,4820.833333333333,0.592592593,306612.0833333333,24504.368462847226,0,0.5327631604805316,2
409,38,1706.88175497127,22,2,4.689284977777778,2.5,34246.4611106379,319,9.333333333333334,31629.5,0.750965251,832539.0499999999,212399.0239770833,297032,0.049841113493652785,0
410,131,1613.80406954631,39,2,0.5384146006177931,0.0,78178.0596770626,663,6.333333333333333,22643.0,0.744897959,923670.85,462447.57829,108462,0.02064267233303821,0
411,16,601.029816400781,18,1,0.2299999999999999,0.0,10256.1658773694,81,13.0,8014.0,0.786516854,333267.45,130468.17598541666,28376,0.05860180340169566,0
412,26,1717.08862021117,17,1,8.179999999999998,0.5,12316.2800280757,61,11.666666666666666,13371.5,0.5,313020.44999999995,110757.75955250002,115360,0.13941617243980842,3
413,47,1630.63158020057,14,1,22.75,0.0,30207.7766266094,260,9.0,13827.0,0.704081633,185803.5,171494.8307329167,130130,0.05398052297447739,0
414,15,2538.59232352887,35,2,75.46,0.5,7098.84004549335,31,7.333333333333333,20699.0,0.786476868,153652.2,75408.47345625,45358,0.35760663816343885,2
415,82,2612.43264610939,50,5,54.40133696392103,1.5,73813.7575411818,585,2.333333333333333,56101.0,1.551173709,1486514.4,441437.33904083335,332364,0.03539221864774836,1
416,53,1572.97314665421,34,2,27.26,0.0,25714.0490345378,208,4.333333333333333,15640.0,1.538181818,1256717.4,216383.59887041664,269854,0.06117174096313936,1
417,42,4017.08667109938,61,2,26.074454606020225,1.0,31174.027923056,273,4.333333333333333,28969.0,1.700344432,3360581.2,249298.0981166667,520870,0.12886004596564765,1
418,209,12159.8267628271,223,4,6.743762904948379,0.0,158754.485854462,1587,11.666666666666666,140616.0,0.665472313,4726695.399999999,1277511.1419870837,830686,0.07659516956248158,0
419,272,8741.35525948154,126,6,1.4681826153617068,0.0,239082.988689903,2221,4.666666666666667,162995.0,0.656758958,2878934.1,1419340.25260375,1281926,0.03656201266088115,0
420,9,3049.77208756511,24,0,0.18,0.0,18897.7669000641,122,12.666666666666666,36262.0,0.575471698,436387.8,142425.946,61352,0.16138267043365664,3
421,156,7572.94462410631,116,3,10.77882434027928,0.0,114901.967133971,777,15.333333333333334,87595.5,0.632428467,15510571.6,642540.1844281252,527244,0.06590787619220274,0
422,74,12038.3633089769,179,2,38.91826281208935,0.0,67913.8908739363,314,8.0,26465.5,0.888030888,4930908.55,200889.98520708331,493718,0.17725921978646245,0
423,39,2924.71441748008,41,0,82.66,0.0,29784.6645550356,80,9.666666666666666,10316.5,1.052401747,2169548.45,113541.79569562498,127862,0.09819531162003997,0
424,7,77.441386930308,2,0,5.57,0.0,15907.7988749316,48,9.666666666666666,16149.0,0.467532468,2761360.100000001,87348.18951145833,10734,0.004868139680364232,3
425,39,5212.6466115121,49,1,1.223649003758773,0.0,29722.8996860691,127,2.333333333333333,50462.0,0.262135922,3011628.5,289180.62067416665,482710,0.1753747671515114,3
426,74,10641.3744043786,83,7,1.1850201692966873,0.0,51842.6337921745,282,0.6666666666666666,103858.0,0.505823627,12646773.800000004,474819.3173483333,366676,0.20526299738237613,3
427,192,3203.51500457457,38,6,0.3278728564699279,0.0,98553.6796693119,476,3.333333333333333,79944.5,0.680150517,21710376.3,691988.7987627083,481078,0.03250528052654837,0
429,12,681.483263322487,5,0,40.690000000000005,0.0,8485.06425328688,43,11.333333333333334,6232.0,0.591194969,481860.2,34797.57575819444,28500,0.08031562790564599,3
430,23,2039.66086490536,6,1,40.690000000000005,0.0,20873.4997441185,88,11.333333333333334,6232.0,0.426900585,481860.2,34797.57575819444,70782,0.09771532756408387,3
431,72,3864.71002091717,68,7,1.8863949062812988,0.0,81944.4607562517,412,5.0,32033.0,1.016545012,26891469.9,752689.0146479167,413196,0.04716255357897786,0
432,77,14027.5606449274,154,3,1.6276678161462517,0.0,38013.1801594787,134,7.333333333333333,51850.0,0.93006993,3375511.15,188552.2576995833,364822,0.3690183401145822,2
433,26,6030.17308708868,72,0,3.51,0.0,39867.2637877542,169,7.666666666666667,25997.0,0.693121693,7146403.100000001,203582.30771791667,88864,0.15125625674217788,0
434,51,5345.2226190194,54,4,10.442986340084785,0.0,49363.8971133333,224,5.333333333333333,43430.0,0.968978102,22424448.8,347510.4061929167,283086,0.10828202252240013,0
435,66,16348.7125041932,168,4,2.004913471022506,0.0,54993.576139242,213,5.666666666666667,44189.0,0.939705882,16741815.499999998,562203.8889845833,409976,0.29728404028133715,2
436,23,3513.09503293124,49,2,1.563760736196319,0.5,40262.761451168,199,4.0,27583.5,1.066213922,4583031.05,190592.71261229168,167498,0.0872541998191564,0
437,44,5513.27753319713,90,8,1.4525906010606953,0.0,72752.8311730336,386,3.6666666666666665,31310.0,0.780665281,12150218.599999998,418234.0466370833,170416,0.07578093449153177,0
438,14,10041.215139143,89,0,1.563760736196319,0.5,15735.7458496407,27,15.0,27583.5,1.148760331,4583031.05,190592.71261229168,129422,0.6381149794289716,2
439,35,597.351549194081,5,0,8.41,0.0,13224.419319157,46,4.666666666666667,5427.666666666667,0.710843373,59776.16666666666,70283.78643625,46584,0.04517034243830675,0
440,20,3097.87628473389,14,0,8.41,0.0,11177.9908187065,40,6.0,5427.666666666667,1.947368421,59776.16666666666,70283.78643625,148522,0.2771407075723803,1
441,11,1730.01714777593,11,0,8.41,0.0,8593.16563437348,32,4.0,5427.666666666667,0.931034483,59776.16666666666,70283.78643625,43710,0.20132477615184058,0
442,41,11448.6064490743,112,2,53.99995385059128,0.0,23549.0019587126,70,20.0,25842.5,0.948430493,2929466.45,160089.11757166663,182872,0.4861610045787343,2
443,28,9867.76687779918,95,2,44.03736779542198,0.0,16132.1717927845,35,6.333333333333333,38269.5,1.462311558,4367797.5,184494.00882458332,144858,0.6116824817234326,2
444,41,7149.37664628939,83,3,26.957947838023344,0.0,24700.4075060474,106,8.0,33810.0,1.171195652,26579055.1,298399.9390645834,239072,0.28944367191266007,2
445,50,29144.4640009067,271,4,2.324715339701872,3.0,50817.1097125755,135,7.0,81357.0,1.445876289,5707152.4,638019.4554366666,1301062,0.573516757756383,2
446,24,22109.3766639587,203,4,20.39,1.0,21546.8804850143,31,1.0,33765.0,0.948198198,6447135.3,304270.1087266667,1071752,1.0261056898392142,2
447,31,11832.6997758975,164,1,0.8560839679964807,2.0,46800.1547199454,298,6.0,53663.0,1.455958549,2734398.6,237413.71443625,578970,0.25283462943028717,1
448,26,6396.54653202923,78,0,2.99375123395854,2.0,29677.4289675667,194,1.0,27438.0,1.452380952,2524675.4000000004,259371.18765375004,440678,0.2155357372439427,1
449,19,3676.45076070113,42,3,5.530000000000001,0.0,29066.8654341848,169,1.0,13701.0,1.148876404,983679.4,160577.40494125,336532,0.12648253280098617,1
450,14,4633.3127723591,50,0,18.52,0.0,25626.3400943226,136,5.0,13062.0,1.984790875,828844.0,167076.22663416667,221846,0.1808027504241852,1
451,60,14054.0120056922,170,6,20.903731611588817,2.0,49897.3148708243,215,2.0,38009.0,1.19005102,4762758.9,480537.91436791664,657192,0.281658683279364,2
452,64,11520.3847206167,142,1,5.920341227829681,0.5,42160.167814408,186,1.6666666666666667,32139.0,1.336614173,5733055.699999999,301490.2690272917,822268,0.2732528193751561,1
453,59,7581.09218803402,76,3,7.749199873445124,0.5,27651.527097897,45,2.0,27415.0,1.695340502,2711970.7,311766.1214739584,386090,0.27416540725559385,1
454,49,20698.6382800225,235,5,33.54931871679332,1.0,50487.3913125319,198,0.6666666666666666,54687.0,1.473928158,6321406.800000001,389602.1561,1302236,0.4099763870129831,2
455,38,8108.14986320033,122,1,20.93,0.0,34765.012837388,180,1.3333333333333333,9786.0,1.357043236,2845390.4,177838.28904083333,334966,0.23322729380615756,1
456,44,3058.85132653735,63,1,8.32831444000165,1.0,33128.3211280349,179,9.0,52477.0,1.593939394,845767.7,258933.9547825,393924,0.09233342416343555,1
457,26,1296.86367242247,27,1,18.216788640087387,0.0,41506.8973005184,405,3.333333333333333,28382.0,1.087040619,366517.7,129750.44133,106744,0.03124453420434952,0
458,36,10926.4433965753,183,2,3.0302977843808536,0.0,18642.8574299643,94,5.0,14621.0,0.720364742,734155.4,207442.71179791668,274272,0.5860927402155337,2
459,41,10330.3453603211,145,0,8.329093839830213,0.0,37614.5603600506,105,2.6666666666666665,46842.0,1.003021148,404648.1,220832.60038583336,189934,0.2746368762904027,2
460,58,9574.1173630528,96,1,0.0,0.0,20401.2744404886,60,3.333333333333333,0.0,0.892116183,0.0,0.0,309086,0.46929016081720354,2
461,37,6443.27380115364,146,1,5.2,0.0,32811.5495176917,189,1.6666666666666667,15132.0,0.821571238,1047315.9,282740.65697375,345832,0.19637212798132203,0
462,38,4346.00493737798,70,3,26.83886536351444,1.0,24467.1663938541,139,5.0,45593.0,0.592944369,779687.0999999999,148463.93861791663,295388,0.17762600161454137,3
463,31,12519.6843425384,176,1,0.4851091276166188,0.0,51934.430103301,294,2.333333333333333,69951.0,0.690721649,1007425.0,284264.08726166666,287342,0.2410671363416509,2
464,58,9863.52185863341,260,3,0.9613991110192268,2.0,55904.1050843786,427,0.3333333333333333,40420.0,0.804034582,2662003.5,383571.7247520834,1236036,0.17643645030621544,0
465,53,10721.0354113282,215,1,1.3579222550579677,0.0,72835.6764488848,544,2.333333333333333,31903.0,0.708296943,1023030.5,537960.3663483333,719840,0.14719483547121434,0
466,51,2162.11188677782,19,2,5.71,1.0,16315.9673456235,36,4.333333333333333,26758.0,0.965116279,256184.2,252264.5730058333,187902,0.13251509033926648,0
