field_1,EMD_KOR_NM,대중교통,자전거도로수용율,평균경사도,인구,추정교통량,안정성지수평균,자전거이용량,hierarchical,kmedoids,kmeans,total
0,청운동,8,0.0,27.666666666666668,130677.16285541668,908.2,0.539393939,16882,0,1,2,No
1,신교동,0,0.0,9.666666666666666,130677.16285541668,908.2,0.0,0,0,3,1,No
2,궁정동,0,0.0,1.6666666666666667,130677.16285541668,908.2,0.0,0,0,3,1,No
3,효자동,2,0.0,1.0,130677.16285541668,908.2,0.0,24012,0,3,1,No
4,창성동,1,0.1448347416557405,0.6666666666666666,130677.16285541668,908.2,0.068965517,32494,0,3,1,No
5,통의동,2,0.1370510472769117,1.0,443671.5296644445,1117.0,0.25,0,0,3,1,No
6,적선동,1,0.0896190443554281,1.0,443671.5296644445,1117.0,0.175,58340,0,3,1,No
7,통인동,5,0.0,1.0,130677.16285541668,908.2,0.366666667,0,0,1,1,No
8,누상동,1,0.0,16.666666666666668,130677.16285541668,908.2,0.5,0,0,1,1,No
9,누하동,3,0.0,3.0,130677.16285541668,908.2,0.411764706,0,0,1,1,No
10,옥인동,2,0.0,27.33333333333333,130677.16285541668,908.2,0.333333333,0,0,1,1,No
11,체부동,1,0.0,5.333333333333333,443671.5296644445,1117.0,0.214285714,0,0,3,1,No
12,필운동,0,0.0,9.0,443671.5296644445,1117.0,0.611111111,0,0,1,2,No
13,내자동,4,0.0,1.0,443671.5296644445,1117.0,0.24137931,51906,0,3,1,No
14,사직동,10,0.0,6.666666666666667,443671.5296644445,1117.0,0.176470588,38416,0,3,1,No
15,도렴동,0,0.0,1.0,443671.5296644445,1117.0,0.055555556,0,0,3,1,No
16,당주동,0,0.0,0.6666666666666666,443671.5296644445,1117.0,0.0,69720,0,3,1,No
17,내수동,0,0.0,1.0,443671.5296644445,1117.0,0.0,24336,0,3,1,No
18,세종로,16,0.4289821647666364,3.333333333333333,999073.3747086396,2506.993103448276,0.239583333,156114,0,0,3,No
19,신문로1가,4,0.0,1.6666666666666667,443671.5296644445,1117.0,0.0,81442,0,3,1,No
20,신문로2가,3,0.0,10.666666666666666,443671.5296644445,1117.0,0.065789474,36604,0,3,1,No
21,청진동,0,0.0,0.3333333333333333,424724.68218877865,481.7931034482759,0.0,0,0,3,1,No
22,서린동,2,0.0,0.6666666666666666,424724.68218877865,481.7931034482759,0.0,92914,0,3,1,No
23,수송동,0,0.0,1.3333333333333333,424724.68218877865,481.7931034482759,0.545454545,0,0,1,2,No
24,중학동,1,0.0982934204274966,1.0,424724.68218877865,481.7931034482759,0.0,22416,0,3,1,No
25,종로1가,5,0.0,0.6666666666666666,424724.68218877865,481.7931034482759,0.0,52670,0,3,1,No
26,공평동,2,0.0,0.3333333333333333,424724.68218877865,481.7931034482759,0.0,36172,0,3,1,No
27,관훈동,1,0.0,1.3333333333333333,424724.68218877865,481.7931034482759,0.789473684,0,0,1,2,No
28,견지동,5,0.0,2.0,424724.68218877865,481.7931034482759,2.5,36776,3,2,0,Yes
29,와룡동,4,0.267226382224018,6.0,584349.9433838483,1959.626436781609,0.0,65298,0,3,1,No
30,권농동,1,0.0,3.0,424724.68218877865,481.7931034482759,0.571428571,0,0,1,2,No
31,운니동,5,0.0739413937310208,0.6666666666666666,424724.68218877865,481.7931034482759,0.315789474,36756,0,1,1,No
32,익선동,0,0.0,1.0,424724.68218877865,481.7931034482759,0.0,0,0,3,1,No
33,경운동,5,0.0,1.3333333333333333,424724.68218877865,481.7931034482759,0.730769231,36908,0,1,2,No
34,관철동,4,0.0,0.6666666666666666,424724.68218877865,481.7931034482759,0.242424242,40154,0,3,1,No
35,인사동,2,0.0,1.3333333333333333,424724.68218877865,481.7931034482759,0.434782609,0,0,1,1,No
36,낙원동,1,0.0,0.6666666666666666,424724.68218877865,481.7931034482759,0.090909091,36488,0,3,1,No
37,종로2가,7,0.0,0.6666666666666666,424724.68218877865,481.7931034482759,0.518518519,87522,0,1,1,No
38,팔판동,2,0.1642301270459686,2.6666666666666665,90589.43566416664,1250.142857142857,0.0,5912,0,3,1,No
39,삼청동,7,0.0,12.0,90589.43566416664,1250.142857142857,0.0,27416,0,3,1,No
40,안국동,4,0.1373903020522022,1.0,90589.43566416664,1250.142857142857,0.0,39606,0,3,1,No
41,소격동,1,0.2484386619846554,1.0,90589.43566416664,1250.142857142857,0.0,27654,0,3,1,No
42,화동,1,0.0,3.0,90589.43566416664,1250.142857142857,0.0,0,0,3,1,No
43,사간동,1,0.3845938664433375,1.6666666666666667,90589.43566416664,1250.142857142857,0.0,0,0,0,1,No
44,송현동,1,0.3816041228576421,4.0,90589.43566416664,1250.142857142857,0.0,0,0,0,1,No
45,가회동,8,0.0,7.333333333333333,310687.9574727083,2051.0,0.0,7408,0,3,1,No
46,재동,4,0.0645402663967647,1.3333333333333333,310687.9574727083,2051.0,0.0,25172,0,3,1,No
47,계동,6,0.0289458923031359,4.666666666666667,310687.9574727083,2051.0,0.195652174,0,0,3,1,No
48,원서동,3,0.0,8.0,310687.9574727083,2051.0,0.0,26556,0,3,1,No
49,훈정동,0,0.0,4.666666666666667,424724.68218877865,481.7931034482759,0.5,0,0,1,1,No
50,묘동,2,0.0,0.3333333333333333,424724.68218877865,481.7931034482759,0.0,66520,0,3,1,No
51,봉익동,0,0.0,1.6666666666666667,424724.68218877865,481.7931034482759,0.16,0,0,3,1,No
52,돈의동,1,0.0,1.0,424724.68218877865,481.7931034482759,0.0,0,0,3,1,No
53,장사동,1,0.0,2.0,424724.68218877865,481.7931034482759,0.0,0,0,3,1,No
54,관수동,1,0.0,1.3333333333333333,424724.68218877865,481.7931034482759,0.324324324,30588,0,1,1,No
55,종로3가,7,0.0,0.0,424724.68218877865,481.7931034482759,0.472222222,109618,0,1,1,No
56,인의동,2,0.0,1.0,424724.68218877865,481.7931034482759,0.0,61358,0,3,1,No
57,예지동,3,0.0,1.0,424724.68218877865,481.7931034482759,0.0,0,0,3,1,No
58,원남동,4,0.1168546104977409,3.6666666666666665,424724.68218877865,481.7931034482759,0.0,34542,0,3,1,No
59,연지동,1,0.0,2.0,406797.1483736667,3057.6,0.0,58248,0,3,1,No
60,종로4가,6,0.0,0.0,424724.68218877865,481.7931034482759,0.0,65874,0,3,1,No
61,효제동,3,0.0,0.3333333333333333,406797.1483736667,3057.6,0.393939394,4092,0,1,1,No
62,종로5가,8,0.0,0.0,406797.1483736667,3057.6,0.134615385,121908,0,3,1,No
63,종로6가,5,0.0,1.6666666666666667,406797.1483736667,3057.6,0.457627119,93286,0,1,1,No
64,이화동,2,0.0057998592598981,3.333333333333333,258517.6210818056,4744.0,0.162162162,13864,0,3,1,No
65,연건동,15,0.4027711495059952,4.0,258517.6210818056,4744.0,0.0,70974,0,0,3,No
66,충신동,3,0.0,2.0,406797.1483736667,3057.6,0.36,58234,0,1,1,No
67,동숭동,4,0.0735302008559091,6.666666666666667,258517.6210818056,4744.0,0.173410405,65282,0,3,1,No
68,혜화동,9,0.1206166641241212,4.0,159625.2611950694,1477.8333333333333,0.379746835,160154,0,1,1,No
69,명륜1가,6,0.0,10.333333333333334,159625.2611950694,1477.8333333333333,0.344262295,0,0,1,1,No
70,명륜2가,5,0.1599075194302931,7.0,159625.2611950694,1477.8333333333333,0.86746988,90610,1,1,2,No
71,명륜4가,2,0.1600330151287512,3.0,159625.2611950694,1477.8333333333333,0.081081081,65626,0,3,1,No
72,명륜3가,15,0.0,10.666666666666666,159625.2611950694,1477.8333333333333,0.18556701,0,0,3,1,No
73,창신동,17,0.0,9.666666666666666,329784.92104166665,24916.0,0.465163934,168270,0,1,1,No
74,숭인동,21,0.0,8.0,380431.4159866667,28943.0,0.400990099,240418,0,1,1,No
75,교남동,4,0.0,1.3333333333333333,26805.37144138889,2264.5,0.8,0,0,1,2,No
76,평동,6,0.0,4.0,26805.37144138889,2264.5,0.333333333,27292,0,1,1,No
77,송월동,1,0.0,9.0,26805.37144138889,2264.5,0.384615385,27320,0,1,1,No
78,홍파동,1,0.0,6.0,26805.37144138889,2264.5,0.173913043,0,0,3,1,No
79,교북동,6,0.0,5.333333333333333,26805.37144138889,2264.5,0.5,26674,0,1,1,No
80,행촌동,4,0.0,9.333333333333334,26805.37144138889,2264.5,0.142857143,0,0,3,1,No
81,구기동,18,0.0,21.666666666666668,1169905.69389375,9614.5,0.447368421,9540,0,1,1,No
82,평창동,36,0.0,13.333333333333334,1169905.69389375,9614.5,0.582995951,15806,0,1,2,No
83,부암동,9,0.0,17.0,173991.8239934722,3235.6666666666665,0.507692308,9576,0,1,1,No
84,홍지동,19,0.0,17.666666666666668,173991.8239934722,3235.6666666666665,0.28,14856,0,3,1,No
85,신영동,6,0.0,22.666666666666668,173991.8239934722,3235.6666666666665,0.253521127,4208,0,3,1,No
86,무악동,4,0.0,20.0,121030.53389458332,20422.0,0.0,50616,0,3,1,No
87,무교동,0,0.0,0.6666666666666666,406231.7243324095,638.7391304347826,0.0,0,0,3,1,No
88,다동,0,0.0,0.0,406231.7243324095,638.7391304347826,0.692307692,23618,0,1,2,No
89,태평로1가,7,0.0,2.0,406231.7243324095,638.7391304347826,0.109090909,108796,0,3,1,No
90,을지로1가,5,0.0,0.3333333333333333,406231.7243324095,638.7391304347826,0.454545455,112640,0,1,1,No
91,을지로2가,3,0.0,1.0,406231.7243324095,638.7391304347826,0.238095238,115472,0,3,1,No
92,남대문로1가,3,0.0,0.0,406231.7243324095,638.7391304347826,0.0,12222,0,3,1,No
93,삼각동,1,0.0,0.6666666666666666,406231.7243324095,638.7391304347826,0.0,0,0,3,1,No
94,수하동,0,0.0,1.0,406231.7243324095,638.7391304347826,0.7,0,0,1,2,No
95,장교동,0,0.0,0.3333333333333333,406231.7243324095,638.7391304347826,0.137931034,48794,0,3,1,No
96,수표동,1,0.0,1.6666666666666667,406231.7243324095,638.7391304347826,0.0,28426,0,3,1,No
97,소공동,2,0.0,1.3333333333333333,909789.0178951388,1177.3333333333333,0.1875,12636,0,3,1,No
98,남창동,8,0.0,2.333333333333333,672759.5408007082,1544.2,0.411111111,2480,0,1,1,No
99,북창동,0,0.0,0.6666666666666666,909789.0178951388,1177.3333333333333,0.0,0,0,3,1,No
100,태평로2가,8,0.0,1.0,909789.0178951388,1177.3333333333333,0.0,0,0,3,1,No
101,남대문로2가,7,0.0,0.0,1316020.7422275485,1816.072463768116,0.0,0,0,3,1,No
102,남대문로3가,3,0.0,1.0,1582548.5586958467,2721.5333333333333,0.25,32258,0,3,1,No
103,남대문로4가,2,0.0,1.3333333333333333,1582548.5586958467,2721.5333333333333,0.0,41434,0,3,1,No
104,남대문로5가,11,0.0,7.0,672759.5408007082,1544.2,0.408695652,39880,0,1,1,No
105,봉래동1가,3,0.0,2.0,1582548.5586958467,2721.5333333333333,1.5,0,3,2,0,Yes
106,봉래동2가,12,0.0,1.0,672759.5408007082,1544.2,0.268656716,56526,0,3,1,No
107,회현동1가,3,0.0,8.0,1078991.2651331176,2182.939130434783,0.202797203,16918,0,3,1,No
108,회현동2가,3,0.0,2.6666666666666665,1078991.2651331176,2182.939130434783,1.407407407,16308,3,2,0,Yes
109,회현동3가,0,0.0,2.0,406231.7243324095,638.7391304347826,0.0,0,0,3,1,No
110,충무로1가,2,0.0,1.6666666666666667,1078991.2651331176,2182.939130434783,0.935483871,9512,1,1,2,No
111,충무로2가,3,0.0,1.3333333333333333,406231.7243324095,638.7391304347826,0.18,28926,0,3,1,No
112,명동1가,0,0.0,0.6666666666666666,406231.7243324095,638.7391304347826,0.176470588,0,0,3,1,No
113,명동2가,0,0.0,6.666666666666667,406231.7243324095,638.7391304347826,0.384615385,12372,0,1,1,No
114,남산동1가,1,0.0,1.6666666666666667,406231.7243324095,638.7391304347826,1.0,0,1,2,2,No
115,남산동2가,0,0.0,5.666666666666667,406231.7243324095,638.7391304347826,0.290322581,0,0,3,1,No
116,남산동3가,0,0.0,6.0,406231.7243324095,638.7391304347826,0.0,0,0,3,1,No
117,저동1가,3,0.0,2.333333333333333,406231.7243324095,638.7391304347826,0.0,26608,0,3,1,No
118,충무로4가,2,0.0,1.0,759513.4404695908,2739.4636363636364,0.434782609,26542,0,1,1,No
119,충무로5가,1,0.0,2.6666666666666665,759513.4404695908,2739.4636363636364,0.433333333,37482,0,1,1,No
120,인현동2가,0,0.0,1.3333333333333333,578590.24302425,1411.1,0.135135135,0,0,3,1,No
121,예관동,1,0.0,1.0,578590.24302425,1411.1,0.090909091,0,0,3,1,No
122,묵정동,1,0.0,4.0,628153.2649402021,7106.696969696969,1.676470588,0,3,2,0,Yes
123,필동1가,4,0.0,4.666666666666667,180923.1974453409,1328.3636363636365,0.434782609,28554,0,1,1,No
124,필동2가,3,0.0,3.0,180923.1974453409,1328.3636363636365,0.25,0,0,3,1,No
125,필동3가,0,0.0,9.333333333333334,180923.1974453409,1328.3636363636365,0.186046512,19304,0,3,1,No
126,남학동,0,0.0,8.0,180923.1974453409,1328.3636363636365,0.0,5584,0,3,1,No
127,주자동,0,0.0,3.0,180923.1974453409,1328.3636363636365,0.0,0,0,3,1,No
128,예장동,4,0.0,12.666666666666666,587154.9217777502,1967.102766798419,0.118811881,0,0,3,1,No
129,장충동1가,4,0.0,2.0,447230.0674948612,5778.333333333333,0.438095238,0,0,1,1,No
130,장충동2가,10,0.1946538426312707,9.333333333333334,628153.2649402021,7106.696969696969,0.333333333,47808,0,1,1,No
131,광희동1가,2,0.0,1.0,578590.24302425,1411.1,0.166666667,25552,0,3,1,No
132,광희동2가,4,0.0,3.6666666666666665,578590.24302425,1411.1,0.0,26054,0,3,1,No
133,쌍림동,3,0.1221817260266992,2.333333333333333,578590.24302425,1411.1,0.407407407,61934,0,1,1,No
134,을지로6가,7,0.0,1.3333333333333333,578590.24302425,1411.1,0.730769231,78818,0,1,2,No
135,을지로7가,7,0.0,3.333333333333333,578590.24302425,1411.1,0.125,78336,0,3,1,No
136,을지로4가,5,0.0,1.0,214663.89915154167,1387.5,0.197368421,83714,0,3,1,No
137,을지로5가,3,0.0948350118169288,0.3333333333333333,214663.89915154167,1387.5,0.288135593,35122,0,3,1,No
138,주교동,3,0.0,0.3333333333333333,214663.89915154167,1387.5,0.0,0,0,3,1,No
139,방산동,3,0.2242658903644442,0.0,214663.89915154167,1387.5,0.0,0,0,3,1,No
140,오장동,0,0.0028079442278464,1.6666666666666667,578590.24302425,1411.1,0.289473684,0,0,3,1,No
141,을지로3가,5,0.0,0.6666666666666666,214663.89915154167,1387.5,0.564516129,42582,0,1,2,No
142,입정동,1,0.0,1.0,214663.89915154167,1387.5,0.212765957,0,0,3,1,No
143,산림동,0,0.0,1.3333333333333333,214663.89915154167,1387.5,0.0,0,0,3,1,No
144,충무로3가,0,0.0,1.6666666666666667,180923.1974453409,1328.3636363636365,0.681818182,0,0,1,2,No
145,초동,0,0.0,1.0,214663.89915154167,1387.5,0.818181818,36538,0,1,2,No
146,인현동1가,1,0.0,1.0,214663.89915154167,1387.5,0.436363636,0,0,1,1,No
147,저동2가,0,0.0,2.0,214663.89915154167,1387.5,0.212765957,0,0,3,1,No
148,신당동,49,0.0,11.333333333333334,3981311.753570694,79346.33333333333,0.273427471,233872,0,3,1,No
149,흥인동,3,0.0,0.6666666666666666,209404.62957236115,3229.333333333333,0.288135593,92114,0,3,1,No
150,무학동,0,0.0,0.3333333333333333,209404.62957236115,3229.333333333333,0.658536585,0,0,1,2,No
151,황학동,7,0.0,2.6666666666666665,278783.48032,8874.0,0.480701754,146214,0,1,1,No
152,서소문동,4,0.0,3.0,909789.0178951388,1177.3333333333333,1.0,109336,1,2,2,No
153,정동,5,0.0,5.0,909789.0178951388,1177.3333333333333,0.711111111,0,0,1,2,No
154,순화동,2,0.0,2.0,1582548.5586958467,2721.5333333333333,1.210526316,46700,1,2,2,No
155,의주로1가,6,0.0,1.3333333333333333,909789.0178951388,1177.3333333333333,0.444444444,0,0,1,1,No
156,충정로1가,1,0.0,2.333333333333333,909789.0178951388,1177.3333333333333,2.4,26954,3,2,0,Yes
157,중림동,7,0.0,3.6666666666666665,148095.90567885415,2738.5,0.363636364,51486,0,1,1,No
158,의주로2가,0,0.0,4.333333333333333,148095.90567885415,2738.5,0.0,2546,0,3,1,No
159,만리동1가,2,0.0,10.0,148095.90567885415,2738.5,0.80952381,9296,0,1,2,No
160,만리동2가,2,0.0,6.666666666666667,148095.90567885415,2738.5,0.65248227,19732,0,1,2,No
161,후암동,17,0.0,12.0,331044.16168125,7328.0,0.646153846,59478,0,1,2,No
162,용산동2가,23,0.0315869081646727,12.666666666666666,121389.31615916666,9043.5,0.5,38708,0,1,1,No
163,용산동4가,4,0.9508554504403052,5.666666666666667,121389.31615916666,9043.5,1.45,7864,2,0,3,No
164,갈월동,12,0.0366925377040352,5.666666666666667,841873.6915430208,4485.25,0.0,82774,0,3,1,No
165,남영동,3,0.0,0.6666666666666666,841873.6915430208,4485.25,0.0,41184,0,3,1,No
166,용산동1가,3,0.6504387944021018,1.3333333333333333,841873.6915430208,4485.25,0.354166667,29792,2,0,3,No
167,동자동,8,0.0,5.0,841873.6915430208,4485.25,0.096,27602,0,3,1,No
168,서계동,8,0.0,7.666666666666667,172918.1405067708,2460.25,0.35,32038,0,1,1,No
169,청파동1가,3,0.0,11.666666666666666,172918.1405067708,2460.25,0.511111111,19108,0,1,1,No
170,청파동2가,10,0.0,7.666666666666667,172918.1405067708,2460.25,0.68241966,44834,0,1,2,No
171,청파동3가,3,0.0,8.666666666666666,172918.1405067708,2460.25,0.148760331,41956,0,3,1,No
172,원효로1가,8,0.0177643918512113,6.0,183120.72074322915,2883.5,0.72,0,0,1,2,No
173,원효로2가,7,0.0,1.3333333333333333,183120.72074322915,2883.5,0.6,39652,0,1,2,No
174,신창동,4,0.0,8.0,122541.560731,4690.4,1.12195122,0,1,2,2,No
175,산천동,3,0.0,17.333333333333332,122541.560731,4690.4,1.032258065,0,1,2,2,No
176,청암동,4,0.1942498411611067,9.333333333333334,122541.560731,4690.4,2.6,25150,3,2,0,Yes
177,원효로3가,4,0.0,2.333333333333333,122541.560731,4690.4,1.12173913,40576,1,2,2,No
178,원효로4가,8,0.1424172087091249,9.0,122541.560731,4690.4,1.389240506,71738,3,2,0,Yes
179,효창동,15,0.0,9.0,227814.21148375,9688.0,0.530758226,15724,0,1,2,No
180,도원동,6,0.0,7.0,174566.65055375,3672.0,0.172413793,0,0,3,1,No
181,용문동,13,0.0,2.6666666666666665,174566.65055375,3672.0,0.693877551,52720,0,1,2,No
182,문배동,5,0.1223261594239672,1.0,183120.72074322915,2883.5,0.714285714,54358,0,1,2,No
183,신계동,2,0.0,4.0,183120.72074322915,2883.5,0.094117647,0,0,3,1,No
184,한강로1가,8,0.0507229457590851,3.333333333333333,1228054.56674775,2856.6,0.476190476,118946,0,1,1,No
185,한강로2가,12,0.0,2.0,1228054.56674775,2856.6,0.580152672,249574,0,1,2,No
186,용산동3가,1,0.3436490336792934,2.333333333333333,1228054.56674775,2856.6,0.539473684,0,1,0,3,No
187,용산동5가,5,0.0,1.0,1228054.56674775,2856.6,1.209090909,33286,1,2,2,No
188,한강로3가,22,0.0244014079060653,2.0,1228054.56674775,2856.6,0.659517426,172924,0,1,2,No
189,이촌동,32,0.5046965111706544,2.0,1624172.9613308336,62787.0,0.538461538,233758,2,0,3,No
190,이태원동,37,0.0,13.0,2016148.622235417,20878.0,0.621099554,56638,0,1,2,No
191,한남동,41,0.1131612628052266,9.0,4709906.154082917,24615.0,0.489391796,127214,0,1,1,No
192,동빙고동,5,0.031480168919846,7.0,414663.3157408334,6505.75,0.474576271,14960,0,1,1,No
193,서빙고동,12,0.5141473846594248,2.333333333333333,414663.3157408334,6505.75,0.359375,78130,2,0,3,No
194,주성동,0,0.1538810478439073,5.333333333333333,414663.3157408334,6505.75,0.0,0,0,3,1,No
195,용산동6가,9,0.8510063443255921,3.0,414663.3157408334,6505.75,0.213114754,31324,2,0,3,No
196,보광동,12,0.0250812146032906,4.666666666666667,186629.3786675,14518.0,0.156028369,21000,0,3,1,No
197,상왕십리동,6,0.2941921975212389,5.0,209740.17317010416,2311.75,0.532544379,185788,1,0,3,No
198,하왕십리동,27,0.0269952381413465,4.0,430287.0584409375,6874.75,0.823275862,96706,0,1,2,No
199,홍익동,3,0.0502441207023427,3.333333333333333,209740.17317010416,2311.75,1.375,91028,1,2,0,No
200,도선동,5,0.0,1.3333333333333333,209740.17317010416,2311.75,2.170212766,0,3,2,0,Yes
201,마장동,29,0.0931656852258212,8.666666666666666,850689.2790258334,16131.0,1.532894737,270106,3,2,0,Yes
202,사근동,26,0.1505187913667669,9.666666666666666,214914.92271,8206.0,1.974358974,77564,3,2,0,Yes
203,행당동,72,0.0228284739418681,5.333333333333333,792795.4304816667,27384.0,1.658659924,376518,3,2,0,Yes
204,응봉동,33,0.1833597551955883,8.0,252935.02160125,7996.0,0.877358491,118832,1,0,2,No
205,금호동1가,40,0.0,4.666666666666667,317001.42803916667,8896.0,0.4,6130,0,1,1,No
206,금호동2가,18,0.0,10.666666666666666,92863.554495,4510.5,0.572916667,28836,0,1,2,No
207,금호동3가,20,0.0,10.0,92863.554495,4510.5,1.228187919,9156,1,2,2,No
208,금호동4가,31,0.1477495771505275,12.0,192046.35916541668,29351.0,0.828746177,67662,1,1,2,No
209,옥수동,42,0.3530746412117246,7.666666666666667,730108.9736841668,28845.0,0.849710983,115002,1,0,3,No
210,성수동1가,46,0.2373822015185727,7.0,1412873.6751799998,64896.0,1.374795417,689368,1,2,0,No
211,성수동2가,52,0.1167719584146974,2.6666666666666665,4552690.1085225,29313.0,1.475903614,851676,3,2,0,Yes
212,송정동,13,0.3660046051162486,3.0,615869.385284375,36748.5,0.558139535,218038,1,0,3,No
213,용답동,14,0.2496543280928137,6.333333333333333,418477.04256979167,7991.5,0.978453739,255328,1,0,2,No
214,중곡동,91,0.1721842584216102,3.6666666666666665,2077161.2656645835,76531.0,0.52625,319228,0,1,2,No
215,능동,11,0.2335999973668048,4.333333333333333,356569.6798045833,17655.0,0.744402985,255506,1,0,2,No
216,구의동,59,0.1338346390003859,3.6666666666666665,2651357.012729167,48666.0,0.554396423,719742,0,1,2,No
217,광장동,39,0.4306933356409194,2.6666666666666665,2339571.175287917,20040.0,0.298755187,197134,0,0,3,No
218,자양동,64,0.1781549042715838,5.0,2652858.0749620837,77593.0,0.567501227,1533094,0,1,2,No
219,화양동,21,0.0730952062213037,2.0,625708.7970875,19814.0,0.570977918,665256,0,1,2,No
220,군자동,22,0.0668558581972442,4.666666666666667,417546.0146233333,15408.0,0.401851852,574272,0,1,1,No
221,신설동,12,0.0,1.6666666666666667,1382779.3431572916,7355.5,0.484662577,150912,0,1,1,No
222,용두동,31,0.0237467482022525,3.333333333333333,1382779.3431572916,7355.5,0.389144434,580582,0,1,1,No
223,제기동,28,0.0,0.6666666666666666,769836.27018375,15166.0,0.435356201,210614,0,1,1,No
224,전농동,46,0.0,4.666666666666667,836208.1619716666,19375.0,0.388596491,345284,0,1,1,No
225,답십리동,46,0.0456279593513337,9.333333333333334,1366559.8048262498,17495.0,0.668558456,439702,0,1,2,No
226,장안동,60,0.067622140594086,0.3333333333333333,2384733.930939584,27977.0,0.386284722,494268,0,1,1,No
227,청량리동,24,0.0716398176587062,5.333333333333333,675730.5556829165,12413.0,0.217488789,248802,0,3,1,No
228,회기동,8,0.0,9.0,235946.7419445833,9934.0,0.367924528,32696,0,1,1,No
229,휘경동,33,0.0375140234719844,6.333333333333333,851866.4410854167,29127.0,0.425414365,343224,0,1,1,No
230,이문동,39,0.0365580302724151,2.6666666666666665,929784.4024591666,23161.0,0.533697632,209322,0,1,2,No
231,면목동,126,0.0606804056284286,8.333333333333334,1711207.1793416669,93974.0,0.48670977,619406,0,1,1,No
232,상봉동,34,0.0240912036508933,1.0,1082839.4824866666,17066.0,0.380866426,583716,0,1,1,No
233,중화동,44,0.0657574659281752,1.3333333333333333,574142.7969945833,30343.0,0.302457467,372882,0,3,1,No
234,묵동,54,0.1124276124859899,4.666666666666667,731311.5897079168,19140.0,0.351395731,358702,0,1,1,No
235,망우동,69,0.0,8.666666666666666,735175.2847395833,24531.0,0.386440678,262258,0,1,1,No
236,신내동,74,0.1530219275873581,5.0,1142235.4358883332,23129.0,0.275362319,370308,0,3,1,No
237,성북동,37,0.0208048758987427,18.33333333333333,604326.1066447917,1459.0,0.222222222,57492,0,3,1,No
238,성북동1가,5,0.0072785526621539,6.666666666666667,604326.1066447917,1459.0,0.169491525,20636,0,3,1,No
239,돈암동,48,0.0,10.0,1952432.465622014,28672.625,0.497368421,36172,0,1,1,No
240,동소문동1가,1,0.0424808252756376,6.333333333333333,604326.1066447917,1459.0,0.615384615,39944,0,1,2,No
241,동소문동2가,3,0.0,0.6666666666666666,90693.63447652778,980.0,2.142857143,47638,3,2,0,Yes
242,동소문동3가,2,0.0,1.3333333333333333,90693.63447652778,980.0,2.0,17980,3,2,0,Yes
243,동소문동4가,3,0.0,8.0,604326.1066447917,1459.0,0.0,20346,0,3,1,No
244,동소문동5가,4,0.0,0.6666666666666666,90693.63447652778,980.0,0.0,36766,0,3,1,No
245,동소문동6가,2,0.0,3.333333333333333,72332.74087770833,1322.125,0.0,40286,0,3,1,No
246,동소문동7가,3,0.0,7.333333333333333,72332.74087770833,1322.125,0.0,0,0,3,1,No
247,삼선동1가,6,0.0112956114411529,16.0,90693.63447652778,980.0,0.310606061,0,0,3,1,No
248,삼선동2가,13,0.0,10.666666666666666,90693.63447652778,980.0,0.25,0,0,3,1,No
249,삼선동3가,6,0.0,4.666666666666667,90693.63447652778,980.0,0.861111111,0,0,1,2,No
250,삼선동4가,3,0.0,2.333333333333333,90693.63447652778,980.0,0.0,36254,0,3,1,No
251,삼선동5가,5,0.0243549620795983,3.333333333333333,90693.63447652778,980.0,0.849462366,26580,0,1,2,No
252,동선동1가,3,0.0,3.0,72332.74087770833,1322.125,0.220338983,12724,0,3,1,No
253,동선동2가,6,0.0,2.333333333333333,72332.74087770833,1322.125,1.164705882,49818,1,2,2,No
254,동선동3가,0,0.0,4.666666666666667,72332.74087770833,1322.125,0.173913043,23234,0,3,1,No
255,동선동4가,1,0.0,6.333333333333333,72332.74087770833,1322.125,0.176470588,0,0,3,1,No
256,동선동5가,1,0.0,7.0,72332.74087770833,1322.125,0.538461538,0,0,1,2,No
257,안암동1가,3,0.0,11.0,140666.0843330833,1704.6,0.527272727,69946,0,1,2,No
258,안암동2가,7,0.1674742209882146,4.666666666666667,140666.0843330833,1704.6,0.423728814,38246,0,1,1,No
259,안암동3가,0,0.0246533783549199,11.0,140666.0843330833,1704.6,0.882978723,58880,0,1,2,No
260,안암동4가,1,0.0,1.0,140666.0843330833,1704.6,0.490909091,53268,0,1,1,No
261,안암동5가,20,0.1569045915313501,6.0,140666.0843330833,1704.6,0.575757576,230316,0,1,2,No
262,보문동4가,1,0.0,0.6666666666666666,113786.67412851188,1098.571428571429,0.941176471,0,1,1,2,No
263,보문동5가,1,0.0,2.0,113786.67412851188,1098.571428571429,0.473684211,0,0,1,1,No
264,보문동6가,0,0.0,9.333333333333334,113786.67412851188,1098.571428571429,0.758241758,0,0,1,2,No
265,보문동7가,2,0.0,1.3333333333333333,113786.67412851188,1098.571428571429,1.0,0,1,2,2,No
266,보문동1가,4,0.1267515624702366,1.0,113786.67412851188,1098.571428571429,0.181818182,37186,0,3,1,No
267,보문동2가,3,0.0,4.333333333333333,113786.67412851188,1098.571428571429,0.228070175,0,0,3,1,No
268,보문동3가,0,0.0,9.666666666666666,113786.67412851188,1098.571428571429,0.173913043,5404,0,3,1,No
269,정릉동,131,0.0,18.0,916611.416039861,46668.5,0.3875,85890,0,1,1,No
270,길음동,42,0.0,5.333333333333333,1229125.6942748611,22091.5,0.748953975,131688,0,1,2,No
271,종암동,60,0.0534977033393107,14.333333333333334,2065689.3758820836,19114.0,0.454332553,248160,0,1,1,No
272,하월곡동,49,0.0326305773950975,2.0,824466.0666083333,35579.5,0.5640625,265266,0,1,2,No
273,상월곡동,11,0.0300792726122118,4.666666666666667,336460.6208529167,9385.0,0.263888889,73104,0,3,1,No
274,장위동,98,0.0329303526299554,3.0,686003.3768941667,25563.0,0.770886076,195870,0,1,2,No
275,석관동,31,0.0665854905770025,3.333333333333333,542732.1816516666,18410.0,0.398543184,259364,0,1,1,No
276,미아동,155,0.0180645160206612,8.666666666666666,1544332.4312016666,46737.0,1.737160121,349886,3,2,0,Yes
277,번동,101,0.2061535585270401,5.333333333333333,507448.4,32563.0,1.584632517,411870,1,2,0,No
278,수유동,145,0.0279775951659061,2.333333333333333,1443263.590858125,37000.0,1.746076233,461670,3,2,0,Yes
279,우이동,19,0.0,18.33333333333333,195208.9311197917,2655.0,1.506024096,74458,3,2,0,Yes
280,쌍문동,92,0.041666543256432,5.666666666666667,1044138.7950704164,25837.0,0.351449275,303254,0,1,1,No
281,방학동,80,0.0838047829866331,3.6666666666666665,1355116.9535641666,18622.0,0.075630252,407238,0,3,1,No
282,창동,119,0.0948865500524069,1.0,2084316.7397141664,50088.0,0.220889203,937818,0,3,1,No
283,도봉동,82,0.1332781906017126,6.0,607179.9627658334,19285.0,0.228395062,252830,0,3,1,No
284,월계동,110,0.166037941542982,4.0,931963.7994016669,37104.0,0.345882353,774768,0,1,1,No
285,공릉동,101,0.2124029975706947,2.333333333333333,1961056.1416349995,28298.0,0.122205663,1009904,0,3,1,No
286,하계동,54,0.2686793200107896,1.6666666666666667,862669.3296404167,27701.0,0.152727273,454280,0,3,1,No
287,상계동,193,0.3050579759915117,31.33333333333333,3625248.892720209,120928.0,0.196655133,1891022,0,0,1,No
288,중계동,75,0.2201534096521804,3.6666666666666665,1199377.393860625,25716.0,0.285353535,1234820,0,1,1,No
289,수색동,21,0.0075873426111035,16.333333333333332,250339.50136916665,13649.0,0.569767442,418,0,1,2,No
290,녹번동,29,0.0195887241616546,18.666666666666668,725505.0295891666,12473.0,0.717041801,168182,0,1,2,No
291,불광동,66,0.0,11.0,957843.0028675,21986.0,0.507002801,267100,0,1,1,No
292,갈현동,63,0.0200173666513378,21.666666666666668,898843.71141125,19235.0,0.55033557,74168,0,1,2,No
293,구산동,34,0.0247430512627073,3.333333333333333,577373.1836341667,6296.0,0.878504673,102514,0,1,2,No
294,대조동,27,0.0352078085282851,0.6666666666666666,534368.0408970834,11832.0,0.89010989,91642,0,1,2,No
295,응암동,83,0.0663956510033869,11.666666666666666,1000120.9262266664,21624.0,0.464765101,634438,0,1,1,No
296,역촌동,50,0.1059782142739255,3.0,734946.8853670834,10687.0,0.574162679,308872,0,1,2,No
297,신사동,57,0.0020254138254667,17.0,651929.4453716666,16919.0,0.54245283,148368,0,1,2,No
298,증산동,12,0.0172682165053409,10.0,381406.0564216666,17515.0,2.421052632,108850,3,2,0,Yes
299,진관동,72,0.0881531566687007,11.0,683831.22882625,9653.0,0.516129032,350506,0,1,2,No
300,충정로2가,13,0.0,6.666666666666667,348477.9598241667,1867.4,0.452380952,34230,0,1,1,No
301,충정로3가,19,0.0,4.0,348477.9598241667,1867.4,0.482142857,46396,0,1,1,No
302,합동,0,0.0,6.666666666666667,348477.9598241667,1867.4,2.1,17924,3,2,0,Yes
303,미근동,3,0.0,2.333333333333333,348477.9598241667,1867.4,1.585365854,35412,3,2,0,Yes
304,냉천동,7,0.0,1.0,51955.50662691667,1853.0,0.0,0,0,3,1,No
305,천연동,7,0.0,7.0,51955.50662691667,1853.0,0.769230769,0,0,1,2,No
306,옥천동,1,0.0,16.333333333333332,51955.50662691667,1853.0,1.090909091,0,1,2,2,No
307,영천동,8,0.0,22.0,51955.50662691667,1853.0,2.333333333,0,3,2,0,Yes
308,현저동,15,0.0,13.0,51955.50662691667,1853.0,0.65,16836,0,1,2,No
309,북아현동,27,0.0,10.0,532393.4352770833,6767.9,0.428571429,61088,0,1,1,No
310,홍제동,76,0.0304456044404935,6.0,701970.2301525,60017.0,0.82781457,114418,0,1,2,No
311,대현동,9,0.0,7.0,390923.04685225,8001.3,1.64516129,21816,3,2,0,Yes
312,대신동,11,0.0,6.333333333333333,207007.57139933333,3100.8,0.666666667,26006,0,1,2,No
313,신촌동,4,0.0,7.333333333333333,207007.57139933333,3100.8,0.0,19178,0,3,1,No
314,봉원동,2,0.0,17.0,207007.57139933333,3100.8,0.0,0,0,3,1,No
315,창천동,22,0.0,4.666666666666667,207007.57139933333,3100.8,0.865921788,154988,0,1,2,No
316,연희동,59,0.0585993012126221,18.666666666666668,1819889.8777004168,21537.0,0.361151079,244550,0,1,1,No
317,홍은동,101,0.0554582979958704,18.0,1377846.5227116668,34405.0,0.940983607,274812,1,1,2,No
318,북가좌동,48,0.0877365586540466,6.333333333333333,774980.8953254166,17660.0,0.581560284,376230,0,1,2,No
319,남가좌동,41,0.0487008441939957,1.3333333333333333,774919.7798412499,15493.0,0.728706625,326846,0,1,2,No
320,아현동,23,0.0,14.0,1021995.3239319792,6595.333333333334,0.911357341,82848,1,1,2,No
321,공덕동,24,0.0,3.6666666666666665,1418455.4543117709,10487.833333333334,1.21978022,233972,1,2,2,No
322,신공덕동,9,0.0,6.333333333333333,473773.9846011458,2946.0,0.787234043,2118,0,1,2,No
323,도화동,41,0.0,4.0,1543690.952994549,14766.666666666666,0.691542289,173594,0,1,2,No
324,용강동,8,0.0352483668900273,1.3333333333333333,285564.85499340284,4062.6666666666665,0.788571429,90456,0,1,2,No
325,토정동,2,0.2680731237229304,11.0,285564.85499340284,4062.6666666666665,1.011904762,0,1,0,3,No
326,마포동,2,0.2759992573072161,4.333333333333333,1069916.9683934026,11820.666666666666,0.923076923,0,1,0,3,No
327,대흥동,25,0.0,4.666666666666667,734189.2305885971,11072.2,1.198473282,100818,1,2,2,No
328,염리동,14,0.0,10.333333333333334,1230246.3247040275,11604.5,1.017667845,57314,1,2,2,No
329,노고산동,16,0.0,10.666666666666666,1647502.1596231945,8500.333333333334,0.695652174,127802,0,1,2,No
330,신수동,22,0.0,1.6666666666666667,448624.37559519446,7009.533333333333,0.703971119,82616,0,1,2,No
331,현석동,1,0.193371444206315,2.6666666666666665,134177.54798575,3071.2,0.913043478,23418,1,0,2,No
332,구수동,5,0.0,2.0,134177.54798575,3071.2,0.375,0,0,1,1,No
333,창전동,39,0.0130446356376665,6.0,187660.79538483336,4188.4,0.422619048,121002,0,1,1,No
334,상수동,19,0.0489238734847504,4.666666666666667,187660.79538483336,4188.4,0.891373802,72576,0,1,2,No
335,하중동,3,0.4744032991255773,4.333333333333333,187660.79538483336,4188.4,0.954545455,0,1,0,3,No
336,신정동,2,0.4675568588172346,4.666666666666667,321838.3433705834,7259.599999999999,1.333333333,0,1,0,3,No
337,당인동,1,0.2851016171659954,3.333333333333333,187660.79538483336,4188.4,0.912751678,34676,1,0,3,No
338,서교동,56,0.0199361353217939,2.0,1333055.33201375,4562.0,0.65974026,310366,0,1,2,No
339,동교동,20,0.000417887941919,4.333333333333333,1333055.33201375,4562.0,0.5,356516,0,1,1,No
340,합정동,32,0.1355131461313138,1.3333333333333333,833160.0595833333,36856.0,1.036050157,237806,1,2,2,No
341,망원동,54,0.1229460926192578,0.0,1123116.0339741667,55297.0,0.649446494,440384,0,1,2,No
342,연남동,20,0.0557188490736333,0.3333333333333333,492470.4968579167,7621.0,0.974440895,217330,1,2,2,No
343,성산동,64,0.2801559110055305,1.3333333333333333,1081949.53574875,32150.0,0.644688645,689050,1,0,3,No
344,중동,8,0.0334485548594416,5.0,257255.99975125003,8165.0,0.716216216,37992,0,1,2,No
345,상암동,98,0.629143793851045,4.0,2238788.2148516667,24471.0,0.845386534,888328,2,0,3,No
346,신정동,169,0.2476006958941048,4.0,7665363.835778333,72924.0,0.835429769,2187268,1,0,2,No
347,목동,94,0.292272715095915,4.333333333333333,7295605.502902501,91443.0,1.206268222,2426798,1,0,3,No
348,신월동,83,0.0182715177353708,2.6666666666666665,2059819.8259604168,139512.0,0.960737656,602602,1,1,2,No
349,염창동,36,0.2929851871901985,2.6666666666666665,1118377.2103766666,12735.0,1.453551913,378962,1,2,0,No
350,등촌동,76,0.318624900541437,11.333333333333334,4038266.7660348606,47619.66666666666,1.137440758,1325118,1,0,3,No
351,화곡동,191,0.035836358611236,8.0,4726831.001240625,111670.0,1.227155013,1126444,1,2,2,No
352,가양동,45,0.6303252884041289,0.6666666666666666,2256882.010123194,52823.66666666667,1.41509434,724596,2,0,3,No
353,마곡동,81,0.1083847054287534,1.3333333333333333,1763287.4727307635,24634.0,1.27458256,4882848,1,2,0,No
354,내발산동,48,0.0693588277109585,2.0,630074.9894356249,10238.333333333334,0.738095238,827974,0,1,2,No
355,외발산동,23,0.0,2.0,168091.0922975,3805.3333333333335,1.2,66614,1,2,2,No
356,공항동,40,0.0269409915560476,2.0,979672.7933288194,5270.5,0.920826162,378850,0,1,2,No
357,방화동,84,0.1113488205560671,1.3333333333333333,1524054.958284028,26325.5,0.868181818,664308,1,1,2,No
358,개화동,11,0.1041795646894397,2.333333333333333,256058.86485562497,10183.5,0.530120482,18712,0,1,2,No
359,과해동,3,0.0,1.3333333333333333,663012.1982593749,2747.1666666666665,0.0,0,0,3,1,No
360,오곡동,0,0.0,0.3333333333333333,663012.1982593749,2747.1666666666665,2.5,0,3,2,0,Yes
361,오쇠동,2,0.0,2.0,663012.1982593749,2747.1666666666665,0.0,0,0,3,1,No
362,신도림동,44,0.2799388175933996,0.3333333333333333,1631126.2628237498,13309.0,1.462962963,506036,1,2,0,No
363,구로동,162,0.0955491539118762,5.333333333333333,11199929.351883331,58706.0,1.080814312,1846128,1,2,2,No
364,가리봉동,9,0.0,6.333333333333333,164114.04129999998,14274.0,1.199152542,28676,1,2,2,No
365,고척동,67,0.0784684968575867,4.666666666666667,1251420.459930417,17399.0,1.278181818,382742,1,2,0,No
366,개봉동,94,0.0452880913146236,10.0,1943004.6316,31136.0,1.039156627,352178,1,2,2,No
367,오류동,46,0.0841476761664096,9.0,820472.4092377084,17927.0,1.295744681,173824,1,2,0,No
368,궁동,25,0.2226323521814681,5.666666666666667,254319.4574883333,5069.5,2.208791209,20088,3,2,0,Yes
369,온수동,18,0.0319899960986406,4.666666666666667,254319.4574883333,5069.5,2.130434783,29960,3,2,0,Yes
370,천왕동,29,0.1398394170949095,10.333333333333334,285738.3624810417,0.0,1.173076923,232354,1,2,2,No
371,항동,31,0.0,5.666666666666667,135980.7,0.0,1.0,84056,1,2,2,No
372,가산동,107,0.1179372131367596,1.0,10941116.781779168,15666.0,1.044155844,759270,1,2,2,No
373,독산동,113,0.0732445300641196,2.0,2671963.0051366664,59799.0,0.888157895,624884,1,1,2,No
374,시흥동,138,0.0396269190510787,3.0,2633813.51216,76845.0,1.260450161,197880,1,2,2,No
375,영등포동,14,0.0,5.666666666666667,572523.9712288657,6189.555555555556,1.527777778,348754,3,2,0,Yes
376,영등포동1가,2,0.0,4.0,225296.8724261574,2299.555555555556,1.134615385,140806,1,2,2,No
377,영등포동2가,5,0.0,1.6666666666666667,225296.8724261574,2299.555555555556,1.535714286,72018,3,2,0,Yes
378,영등포동3가,7,0.0,0.3333333333333333,225296.8724261574,2299.555555555556,1.8,18186,3,2,0,Yes
379,영등포동4가,8,0.0,1.0,225296.8724261574,2299.555555555556,1.564220183,228364,3,2,0,Yes
380,영등포동5가,4,0.0,0.3333333333333333,225296.8724261574,2299.555555555556,1.296296296,0,1,2,0,No
381,영등포동6가,4,0.0,0.3333333333333333,225296.8724261574,2299.555555555556,1.9375,0,3,2,0,Yes
382,영등포동7가,11,0.0,3.0,225296.8724261574,2299.555555555556,1.366013072,218750,3,2,0,Yes
383,영등포동8가,9,0.0,0.6666666666666666,225296.8724261574,2299.555555555556,1.571428571,164194,3,2,0,Yes
384,여의도동,69,0.613640339133747,3.333333333333333,25862910.48181875,19535.0,1.207658321,1879470,2,0,3,No
385,당산동1가,5,0.0747360490574481,0.3333333333333333,435151.4340955556,3385.6666666666665,0.942446043,44080,1,1,2,No
386,당산동2가,9,0.1077330227827216,0.6666666666666666,435151.4340955556,3385.6666666666665,0.670886076,89538,0,1,2,No
387,당산동3가,9,0.0,0.0,435151.4340955556,3385.6666666666665,1.454022989,261288,3,2,0,Yes
388,당산동4가,6,0.0731706936575353,1.0,472490.5730947917,6256.5,0.857142857,422108,1,1,2,No
389,당산동5가,18,0.2443480772584326,1.0,472490.5730947917,6256.5,1.215686275,291362,1,0,2,No
390,당산동6가,6,0.0,0.3333333333333333,472490.5730947917,6256.5,1.1,143686,1,2,2,No
391,당산동,16,0.2992419811965875,1.3333333333333333,472490.5730947917,6256.5,1.702380952,125018,1,2,0,No
392,도림동,23,0.0020709151477011,1.6666666666666667,254789.2340345833,11505.0,1.438405797,177436,3,2,0,Yes
393,문래동1가,3,0.0342556503287868,3.333333333333333,1497889.422986389,2205.6666666666665,1.067307692,0,1,2,2,No
394,문래동2가,3,0.0620167879437451,11.333333333333334,1497889.422986389,2205.6666666666665,1.08,0,1,2,2,No
395,문래동3가,21,0.3079195136723808,4.333333333333333,1497889.422986389,2205.6666666666665,1.049808429,303734,1,0,3,No
396,문래동4가,2,0.0375190826295453,2.0,1497889.422986389,2205.6666666666665,0.782608696,75864,0,1,2,No
397,문래동5가,6,0.3639355224810947,2.6666666666666665,1497889.422986389,2205.6666666666665,0.976470588,95284,1,0,3,No
398,문래동6가,8,0.3727469905032222,0.3333333333333333,1497889.422986389,2205.6666666666665,1.259541985,271054,1,0,3,No
399,양평동1가,10,0.0848748122044839,0.0,561791.1249931944,5865.0,1.63372093,171392,3,2,0,Yes
400,양평동2가,7,0.2315950265870249,0.3333333333333333,561791.1249931944,5865.0,0.742857143,70264,1,0,2,No
401,양평동3가,13,0.0589934042802595,0.0,892907.576789375,10685.833333333332,0.823529412,329240,0,1,2,No
402,양평동4가,8,0.1170873240892259,4.0,331116.45179618057,4820.833333333333,1.207070707,198212,1,2,2,No
403,양평동5가,7,0.1181301938908585,0.6666666666666666,331116.45179618057,4820.833333333333,2.051470588,114364,3,2,0,Yes
404,양평동6가,4,0.0413636368080922,6.333333333333333,331116.45179618057,4820.833333333333,1.846153846,55622,3,2,0,Yes
405,양화동,7,0.8824157200657562,3.0,331116.45179618057,4820.833333333333,1.056603774,0,2,0,3,No
406,신길동,148,0.0190147997696891,0.6666666666666666,2104924.1017110418,81015.5,1.241690141,758518,1,2,2,No
407,대림동,65,0.0890723206953641,1.0,1942334.9675320836,46065.5,1.319236016,259878,1,2,0,No
408,양평동,0,0.5327631604805316,4.0,331116.45179618057,4820.833333333333,0.592592593,0,2,0,3,No
409,노량진동,40,0.0498411134936527,9.333333333333334,1044938.0739770832,31629.5,0.750965251,297032,0,1,2,No
410,상도동,133,0.0206426723330382,6.333333333333333,1386118.42829,22643.0,0.744897959,108462,0,1,2,No
411,상도1동,17,0.0586018034016956,13.0,463735.6259854167,8014.0,0.786516854,28376,0,1,2,No
412,본동,27,0.1394161724398084,11.666666666666666,423778.2095525,13371.5,0.5,115360,0,1,2,No
413,흑석동,48,0.0539805229744773,9.0,357298.3307329167,13827.0,0.704081633,130130,0,1,2,No
414,동작동,17,0.3576066381634388,7.333333333333333,229060.67345625,20699.0,0.786476868,45358,1,0,3,No
415,사당동,87,0.0353922186477483,2.333333333333333,1927951.7390408327,56101.0,1.551173709,332364,3,2,0,Yes
416,대방동,55,0.0611717409631393,4.333333333333333,1473100.9988704163,15640.0,1.538181818,269854,3,2,0,Yes
417,신대방동,44,0.1288600459656476,4.333333333333333,3609879.2981166663,28969.0,1.700344432,520870,3,2,0,Yes
418,봉천동,213,0.0765951695624815,11.666666666666666,6004206.541987083,140616.0,0.665472313,830686,0,1,2,No
419,신림동,278,0.0365620126608811,4.666666666666667,4298274.35260375,162995.0,0.656758958,1281926,0,1,2,No
420,남현동,9,0.1613826704336566,12.666666666666666,578813.746,36262.0,0.575471698,61352,0,1,2,No
421,방배동,159,0.0659078761922027,15.333333333333334,16153111.784428123,87595.5,0.632428467,527244,0,1,2,No
422,양재동,76,0.1772592197864624,8.0,5131798.535207083,26465.5,0.888030888,493718,1,0,2,No
423,우면동,39,0.0981953116200399,9.666666666666666,2283090.245695625,10316.5,1.052401747,127862,1,2,2,No
424,원지동,7,0.0048681396803642,9.666666666666666,2848708.2895114594,16149.0,0.467532468,10734,0,1,1,No
425,잠원동,40,0.1753747671515114,2.333333333333333,3300809.120674167,50462.0,0.262135922,482710,0,3,1,No
426,반포동,81,0.2052629973823761,0.6666666666666666,13121593.117348338,103858.0,0.505823627,366676,0,1,2,No
427,서초동,198,0.0325052805265483,3.333333333333333,22402365.09876271,79944.5,0.680150517,481078,0,1,2,No
428,내곡동,29,0.0,18.33333333333333,516657.7757581945,6232.0,1.0,44012,1,2,2,No
429,염곡동,12,0.0803156279056459,11.333333333333334,516657.7757581945,6232.0,0.591194969,28500,0,1,2,No
430,신원동,24,0.0977153275640838,11.333333333333334,516657.7757581945,6232.0,0.426900585,70782,0,1,1,No
431,역삼동,79,0.0471625535789778,5.0,27644158.914647914,32033.0,1.016545012,413196,1,2,2,No
432,개포동,80,0.3690183401145822,7.333333333333333,3564063.407699583,51850.0,0.93006993,364822,1,0,3,No
433,청담동,26,0.1512562567421778,7.666666666666667,7349985.407717917,25997.0,0.693121693,88864,0,1,2,No
434,삼성동,55,0.1082820225224001,5.333333333333333,22771959.20619292,43430.0,0.968978102,283086,1,2,2,No
435,대치동,70,0.2972840402813371,5.666666666666667,17304019.388984583,44189.0,0.939705882,409976,1,0,3,No
436,신사동,25,0.0872541998191564,4.0,4773623.762612292,27583.5,1.066213922,167498,1,2,2,No
437,논현동,52,0.0757809344915317,3.6666666666666665,12568452.64663708,31310.0,0.780665281,170416,0,1,2,No
438,압구정동,14,0.6381149794289716,15.0,4773623.762612292,27583.5,1.148760331,129422,2,0,3,No
439,세곡동,35,0.0451703424383067,4.666666666666667,130059.95310291664,5427.666666666667,0.710843373,46584,0,1,2,No
440,자곡동,20,0.2771407075723803,6.0,130059.95310291664,5427.666666666667,1.947368421,148522,3,2,0,Yes
441,율현동,11,0.2013247761518405,4.0,130059.95310291664,5427.666666666667,0.931034483,43710,1,0,2,No
442,일원동,43,0.4861610045787343,20.0,3089555.567571667,25842.5,0.948430493,182872,1,0,3,No
443,수서동,30,0.6116824817234326,6.333333333333333,4552291.508824583,38269.5,1.462311558,144858,2,0,3,No
444,도곡동,44,0.28944367191266,8.0,26877455.039064582,33810.0,1.171195652,239072,1,0,3,No
445,잠실동,54,0.573516757756383,7.0,6345171.855436667,81357.0,1.445876289,1301062,2,0,3,No
446,신천동,28,1.0261056898392142,1.0,6751405.408726666,33765.0,0.948198198,1071752,2,0,3,No
447,풍납동,32,0.2528346294302871,6.0,2971812.31443625,53663.0,1.455958549,578970,1,2,0,No
448,송파동,26,0.2155357372439427,1.0,2784046.5876537506,27438.0,1.452380952,440678,1,2,0,No
449,석촌동,22,0.1264825328009861,1.0,1144256.80494125,13701.0,1.148876404,336532,1,2,2,No
450,삼전동,14,0.1808027504241852,5.0,995920.2266341668,13062.0,1.984790875,221846,3,2,0,Yes
451,가락동,66,0.281658683279364,2.0,5243296.814367917,38009.0,1.19005102,657192,1,0,3,No
452,문정동,65,0.2732528193751561,1.6666666666666667,6034545.969027291,32139.0,1.336614173,822268,1,0,0,No
453,장지동,62,0.2741654072555938,2.0,3023736.8214739584,27415.0,1.695340502,386090,1,2,0,No
454,방이동,54,0.4099763870129831,0.6666666666666666,6711008.956100001,54687.0,1.473928158,1302236,1,0,3,No
455,오금동,39,0.2332272938061575,1.3333333333333333,3023228.689040833,9786.0,1.357043236,334966,1,2,0,No
456,거여동,45,0.0923334241634355,9.0,1104701.6547825,52477.0,1.593939394,393924,3,2,0,Yes
457,마천동,27,0.0312445342043495,3.333333333333333,496268.14133,28382.0,1.087040619,106744,1,2,2,No
458,명일동,38,0.5860927402155337,5.0,941598.1117979168,14621.0,0.720364742,274272,2,0,3,No
459,고덕동,41,0.2746368762904027,2.6666666666666665,625480.7003858334,46842.0,1.003021148,189934,1,0,3,No
460,상일동,59,0.4692901608172035,3.333333333333333,0.0,0.0,0.892116183,309086,1,0,3,No
461,길동,38,0.196372127981322,1.6666666666666667,1330056.55697375,15132.0,0.821571238,345832,1,0,2,No
462,둔촌동,41,0.1776260016145413,5.0,928151.0386179164,45593.0,0.592944369,295388,0,1,2,No
463,암사동,32,0.2410671363416509,2.333333333333333,1291689.0872616663,69951.0,0.690721649,287342,1,0,2,No
464,성내동,61,0.1764364503062154,0.3333333333333333,3045575.2247520834,40420.0,0.804034582,1236036,1,0,2,No
465,천호동,54,0.1471948354712143,2.333333333333333,1560990.8663483332,31903.0,0.708296943,719840,0,1,2,No
466,강일동,53,0.1325150903392664,4.333333333333333,508448.7730058333,26758.0,0.965116279,187902,1,2,2,No
